date,Text_Climate_Anomaly
2009-01-05,-0.7639866901696097
2009-01-12,-0.488314878708639
2009-01-19,-0.4906186162095067
2009-01-26,-0.2589942657651259
2009-02-02,0.10920880794498096
2009-02-09,-0.11866374142655818
2009-02-16,-0.3429161318681624
2009-02-23,0.005672262548842669
2009-03-02,-0.13492154607553858
2009-03-09,0.133562604382725
2009-03-16,0.25230381728459006
2009-03-23,-0.22661029861007181
2009-03-30,-0.10378817927809839
2009-04-06,0.02785396362862556
2009-04-13,-0.022367513890289507
2009-04-20,0.18628528261686797
2009-04-27,0.6151753842069746
2009-05-04,0.25710875550068535
2009-05-11,0.10782656544446037
2009-05-18,-0.18112793823579862
2009-05-25,-0.27354072255631884
2009-06-01,-0.1522324878677728
2009-06-08,-0.8448676227715008
2009-06-15,-0.8876513192161861
2009-06-22,-0.703615603432586
2009-06-29,0.5030820995218992
2009-07-06,-0.3360707404370128
2009-07-13,-0.5800694523146256
2009-07-20,-0.6227873276878576
2009-07-27,-0.6751809005647337
2009-08-03,-0.5858617066025215
2009-08-10,-0.49358056442490794
2009-08-17,-0.5742771980267297
2009-08-24,-0.5258987105085087
2009-08-31,-0.4606042076267736
2009-09-07,-0.7529814070226075
2009-09-14,-0.746333478805818
2009-09-21,-0.49904371335553704
2009-09-28,0.22400075655964424
2009-10-05,-0.25563739112100436
2009-10-12,-0.3180357668587916
2009-10-19,0.022259172555089864
2009-10-26,0.711076685314523
2009-11-02,0.059053151497519184
2009-11-09,-0.2576120232646053
2009-11-16,-0.3329113290072514
2009-11-23,0.401586007340815
2009-11-30,1.063482701875823
2009-12-07,1.6467232160240637
2009-12-14,1.5142912202598993
2009-12-21,0.4576655602190794
2009-12-28,-0.9540647803126284
2010-01-04,-0.4632370504849081
2010-01-11,1.1171926961817664
2010-01-18,0.5602147895434173
2010-01-25,0.47517396522567357
2010-02-01,0.8414682278636331
2010-02-08,0.3707159248291882
2010-02-15,1.2697659398106595
2010-02-22,0.9999653679233287
2010-03-01,0.8633866446576027
2010-03-08,0.8299495403592948
2010-03-15,0.47708277629782103
2010-03-22,0.13961814295643427
2010-03-29,0.3520227405364334
2010-04-05,0.3200995208815528
2010-04-12,0.6087907402759984
2010-04-19,1.2406072051568202
2010-04-26,1.785868961076471
2010-05-03,0.8179701053547829
2010-05-10,0.9060386989593813
2010-05-17,0.5434304163228101
2010-05-24,0.2218944822731368
2010-05-31,-0.15637921536933458
2010-06-07,0.2175502915572148
2010-06-14,0.0029077775478013957
2010-06-21,-0.30888663792677423
2010-06-28,-0.4497437308369689
2010-07-05,-0.41768886903918157
2010-07-12,-0.15947280572764258
2010-07-19,-0.06350568354864082
2010-07-26,-0.004727466740788532
2010-08-02,-0.24405288254521268
2010-08-09,-0.2229243186086835
2010-08-16,-0.21232712610469223
2010-08-23,-0.27630520755736004
2010-08-30,-0.11346387678174251
2010-09-06,0.007120326120816589
2010-09-13,-0.00591224602694908
2010-09-20,0.4304156366373875
2010-09-27,0.6367646956436773
2010-10-04,0.781044484269447
2010-10-11,0.5536326823980812
2010-10-18,0.5604780738292308
2010-10-25,0.4032315341271491
2010-11-01,0.47135634308137864
2010-11-08,0.3062770958763467
2010-11-15,0.6921202167359547
2010-11-22,0.8188257792836767
2010-11-29,0.0536558236383435
2010-12-06,1.8888789379009823
2010-12-13,1.1362808069032415
2010-12-20,0.01607199183847383
2010-12-27,-0.6644520659178357
2011-01-03,-0.5314276805105911
2011-01-10,0.7589944253325706
2011-01-17,0.7634702581913991
2011-01-24,0.9126866271761707
2011-01-31,1.0867175400988598
2011-02-07,1.6085469945811137
2011-02-14,1.260221884449922
2011-02-21,0.862333507514349
2011-02-28,1.0056259800683178
2011-03-07,1.5495713145589014
2011-03-14,1.182618841206408
2011-03-21,0.5533035770408143
2011-03-28,1.0309670925778622
2011-04-04,1.0146434668574285
2011-04-11,1.2630521905224168
2011-04-18,1.522255569905756
2011-04-25,1.5995953288634563
2011-05-02,1.8362879018097462
2011-05-09,1.4978359523965588
2011-05-16,1.118706580825194
2011-05-23,0.8297520771449347
2011-05-30,1.1126510422514844
2011-06-06,0.9167675336062793
2011-06-13,0.6295901988552609
2011-06-20,-0.007821057099096616
2011-06-27,0.1352739522405124
2011-07-04,-0.1969249953846055
2011-07-11,-0.250832452904909
2011-07-18,-0.37332546687961565
2011-07-25,0.1804272072575188
2011-08-01,-0.07140421212304422
2011-08-08,-0.3258026532902883
2011-08-15,-0.47541394870378
2011-08-22,-0.2383922704002235
2011-08-29,0.2476305212114013
2011-09-05,0.11895032652007857
2011-09-12,0.4471341887865414
2011-09-19,0.5205246834570401
2011-09-26,0.35689349982398216
2011-10-03,0.340306589817735
2011-10-10,0.4024416812697087
2011-10-17,0.6203752488517901
2011-10-24,0.8554222950117458
2011-10-31,1.2327086765824167
2011-11-07,0.8574627482267999
2011-11-14,0.8413365857207263
2011-11-21,0.7397088513967355
2011-11-28,0.07741723043300719
2011-12-05,1.894473728974518
2011-12-12,1.8117366421576422
2011-12-19,0.42758533056489295
2011-12-26,-0.8273592177649066
2012-01-02,-0.8022813895411757
2012-01-09,0.07662737757556684
2012-01-16,0.1359979840264993
2012-01-23,0.37328294661586936
2012-01-30,0.8773407118057153
2012-02-06,0.9721230546985566
2012-02-13,0.7557033717599023
2012-02-20,0.953824796834522
2012-02-27,1.4201670880815918
2012-03-05,1.6294122742318298
2012-03-12,0.8589766328702275
2012-03-19,1.1308176579726124
2012-03-26,1.274636699098208
2012-04-02,1.0708546618785997
2012-04-09,0.5925987566984715
2012-04-16,1.1818948094204214
2012-04-23,1.4310275648713964
2012-04-30,1.3361135798356485
2012-05-07,1.497309383824932
2012-05-14,0.5355318877484067
2012-05-21,0.09163458186693345
2012-05-28,-0.2113398100328918
2012-06-04,0.2265677783463255
2012-06-11,0.38657880304944847
2012-06-18,-0.32244577864616686
2012-06-25,-0.18856571931002852
2012-07-02,-0.18751258216677477
2012-07-09,-0.22147625503670954
2012-07-16,-0.2586651604078591
2012-07-23,-0.3276456432909824
2012-07-30,-0.17941659037801125
2012-08-06,-0.3362023825799195
2012-08-13,-0.3294228122202232
2012-08-20,-0.45112597333748944
2012-08-27,-0.5114180747887691
2012-09-03,-0.19356812074048405
2012-09-10,0.0011964296900140528
2012-09-17,0.12079331652077278
2012-09-24,0.17858421725682458
2012-10-01,0.35992126911083694
2012-10-08,-0.23227091075506087
2012-10-15,-0.23319240575540798
2012-10-22,-0.295195855064475
2012-10-29,0.07840454650480762
2012-11-05,2.086144689046708
2012-11-12,0.32154758445352677
2012-11-19,0.39888734341122717
2012-11-26,-0.3003957197092905
2012-12-03,0.8417973332208998
2012-12-10,1.0796088643818966
2012-12-17,0.2798170251520952
2012-12-24,-0.7731226548873362
2012-12-31,-1.0113291124770531
2013-01-07,-0.6760365744936273
2013-01-14,0.022983204341076813
2013-01-21,-0.17803434787749067
2013-01-28,0.25914920871573965
2013-02-04,0.1322461829536578
2013-02-11,0.013439148980339353
2013-02-18,0.6962669442375166
2013-02-25,0.2278841997753927
2013-03-04,0.13711694224120646
2013-03-11,0.5172336298843719
2013-03-18,0.35827574232450277
2013-03-25,0.21741864941430808
2013-04-01,0.05312925506671656
2013-04-08,0.08854099150862535
2013-04-15,0.4880748952305326
2013-04-22,0.5546199984698816
2013-04-29,0.7767661146249782
2013-05-06,0.4058643769852835
2013-05-13,0.10848477615899406
2013-05-20,0.03516010255994879
2013-05-27,0.028183068985892464
2013-06-03,-0.4923957851387475
2013-06-10,-0.669586109491198
2013-06-17,-0.8086660334721518
2013-06-24,-0.8034003477558828
2013-07-01,0.4922874438035478
2013-07-08,0.09064726579513294
2013-07-15,-0.09016321748725241
2013-07-22,-0.14894143429510467
2013-07-29,0.02094275112602257
2013-08-05,-0.2200281914647356
2013-08-12,-0.31586367150083067
2013-08-19,-0.1372911046478596
2013-08-26,0.12053003223495933
2013-09-02,0.16226059153639086
2013-09-09,-0.3200103990023924
2013-09-16,0.03496263934558875
2013-09-23,0.5681791391892741
2013-09-30,1.2756240151700087
2013-10-07,0.7157499813877116
2013-10-14,0.9043931721730473
2013-10-21,0.7770293989107916
2013-10-28,0.7524123181872343
2013-11-04,0.8516046728674508
2013-11-11,0.9742951500565178
2013-11-18,1.794820626794128
2013-11-25,1.3228177234020693
2013-12-02,-0.13979230536308732
2013-12-09,1.6461308263809833
2013-12-16,0.8179701053547829
2013-12-23,-0.2057450189593561
2013-12-30,-0.9303691945894181
2014-01-06,-0.7476499002348852
2014-01-13,-0.3872795340277283
2014-01-20,-0.6406248380517187
2014-01-27,-0.5792795994571852
2014-02-03,-0.3452198693690301
2014-02-10,-0.5676950908813935
2014-02-17,-0.23845809147167696
2014-02-24,-0.008281804599270082
2014-03-03,-0.2911149486343665
2014-03-10,-0.587046485888682
2014-03-17,-0.6023827955373153
2014-03-24,-0.5805301998147991
2014-03-31,-0.285388515417924
2014-04-07,0.21175803726931905
2014-04-14,0.08709292793665144
2014-04-21,-0.20725890360278335
2014-04-28,0.10078371079895072
2014-05-05,-0.46113077619840054
2014-05-12,0.9941072925639796
2014-05-19,-0.09490233463189443
2014-05-26,-0.5316909647964045
2014-06-02,-0.41130422510820547
2014-06-09,-0.3000007932805704
2014-06-16,-0.6634647498460352
2014-06-23,-0.8138000770455139
2014-06-30,-0.7180304180808722
2014-07-07,-0.5871123069601353
2014-07-14,-0.5162230130048645
2014-07-21,-0.514840770504344
2014-07-28,-0.6509587462698965
2014-08-04,-0.6047523541096363
2014-08-11,-0.7790465513181388
2014-08-18,-0.7913550916799175
2014-08-25,-0.7530472280940609
2014-09-01,-0.5488044433742786
2014-09-08,-0.9302375524465114
2014-09-15,-0.8332172931242557
2014-09-22,0.5980619056291007
2014-09-29,0.44338238771369987
2014-10-06,-0.11734731999749093
2014-10-13,-0.20284889181540808
2014-10-20,-0.12037508928434557
2014-10-27,-0.10563116927879244
2014-11-03,0.0007356821898403888
2014-11-10,-0.04454921497007254
2014-11-17,0.2567796501434186
2014-11-24,0.3206260894531797
2014-12-01,-0.5255037840797885
2014-12-08,0.2367700444215966
2014-12-15,0.0031052407621615552
2014-12-22,-0.6796567334235623
2014-12-29,-1.0414093421312398
2015-01-05,-0.882912202071544
2015-01-12,-0.4577080804828257
2015-01-19,-0.2468173675462539
2015-01-26,0.6646070088684494
2015-02-02,0.20984922619717158
2015-02-09,0.414486937345674
2015-02-16,0.37670564233144416
2015-02-23,0.7274003110349568
2015-03-02,0.9804165097016802
2015-03-09,0.6571034067227661
2015-03-16,0.7404328831827225
2015-03-23,0.6663183567262368
2015-03-30,1.0233976693607256
2015-04-06,0.005935546834656096
2015-04-13,1.0084562861408124
2015-04-20,0.7073907053131346
2015-04-27,1.4114128855782944
2015-05-04,0.860556338585108
2015-05-11,0.8562779689406393
2015-05-18,0.32984103945665044
2015-05-25,0.6126741834917467
2015-06-01,0.7377342192531346
2015-06-08,0.05885568828315916
2015-06-15,-0.374312782951416
2015-06-22,0.6390026120730916
2015-06-29,-0.34778689115571115
2015-07-06,-0.6402957326944518
2015-07-13,-0.5046385044290728
2015-07-20,-0.624498675545645
2015-07-27,-0.5734873451692895
2015-08-03,-0.5160913708619578
2015-08-10,-0.4135421415376198
2015-08-17,-0.801425715612282
2015-08-24,-0.7905652388224772
2015-08-31,-0.661621759845341
2015-09-07,-0.5736848083836495
2015-09-14,-0.29328704399232747
2015-09-21,-0.29940840363749016
2015-09-28,0.15245325188983988
2015-10-05,-0.2908516643485531
2015-10-12,-0.3823429536687262
2015-10-19,-0.07686736105367331
2015-10-26,-0.382474595811633
2015-11-02,-0.3548297458012209
2015-11-09,-0.5220810883642137
2015-11-16,-0.34791853329861794
2015-11-23,-0.3552246722299411
2015-11-30,-0.14716426536586383
2015-12-07,0.9663966214821141
2015-12-14,0.4599034766484937
2015-12-21,-0.5276100583662962
2015-12-28,-0.9945447392564459
2016-01-04,-0.7729251916729762
2016-01-11,-0.04000756103979057
2016-01-18,0.19207753690476378
2016-01-25,0.37222980947261547
2016-02-01,0.38894836162176943
2016-02-08,-0.3219192100745399
2016-02-15,-0.31645606114391084
2016-02-22,-0.23931376540057064
2016-02-29,0.34432167517639006
2016-03-07,0.7934188457026787
2016-03-14,0.6736903167290134
2016-03-21,0.03825369291825686
2016-03-28,-0.11945359428399842
2016-04-04,0.12599318116558847
2016-04-11,0.6106337302766927
2016-04-18,0.8720750260894465
2016-04-25,1.4412298309466676
2016-05-02,0.8223142960707047
2016-05-09,0.9713990229125695
2016-05-16,0.48767996880181247
2016-05-23,0.2380864658506638
2016-05-30,-0.20771965110295687
2016-06-06,0.11769972616246473
2016-06-13,-0.25761202326460525
2016-06-20,-0.5880996230319357
2016-06-27,-0.7015751502175318
2016-07-04,-0.7543636495231282
2016-07-11,-0.9269464988738433
2016-07-18,-0.8770541267121948
2016-07-25,-0.8093900652581387
2016-08-01,-0.6155470098279877
2016-08-08,-0.7388298766601347
2016-08-15,-0.8571103420618262
2016-08-22,-0.7029573927180524
2016-08-29,-0.5979069626784866
2016-09-05,-0.8201188999050367
2016-09-12,-0.8950891002904161
2016-09-19,-0.8357843149109369
2016-09-26,-0.845262549200221
2016-10-03,-0.2772267025577071
2016-10-10,-0.3233672736465139
2016-10-17,-0.4169648372531946
2016-10-24,-0.42216470189801025
2016-10-31,-0.1702674614459939
2016-11-07,-0.48989458442351974
2016-11-14,0.9307874218258453
2016-11-21,0.10216595329947133
2016-11-28,-0.6289745084044736
2016-12-05,0.09031816043786615
2016-12-12,0.5730498984768229
2016-12-19,0.021600961840556154
2016-12-26,-0.8762642738547546
2017-01-02,-1.0418042685599598
2017-01-09,-1.0753730150011744
2017-01-16,-1.0469383121333222
2017-01-23,-0.5039144726430858
2017-01-30,-0.6054763858956234
2017-02-06,-0.7587736613105035
2017-02-13,-0.6991397705737574
2017-02-20,-0.7722011598869892
2017-02-27,-0.7084205416486815
2017-03-06,-0.7689101063143211
2017-03-13,-0.8552015309896788
2017-03-20,-0.8661936499223902
2017-03-27,-0.8815299595710234
2017-04-03,-0.5527537076614804
2017-04-10,-0.8235415956206117
2017-04-17,-0.8853475817153184
2017-04-24,-0.5626268683794847
2017-05-01,-0.2453034829028266
2017-05-08,-0.6057396701814367
2017-05-15,-0.7497561745213928
2017-05-22,-0.892719541718095
2017-05-29,-0.9420853453081165
2017-06-05,0.26671863193287626
2017-06-12,-1.0410802367739729
2017-06-19,-1.1255286714486363
2017-06-26,-1.128358977521131
2017-07-03,-0.914703779583518
2017-07-10,-0.2613638243374469
2017-07-17,0.11967435830606554
2017-07-24,-0.4278911351144527
2017-07-31,-0.4617889869129342
2017-08-07,-0.5168154026479447
2017-08-14,-0.18422152859410662
2017-08-21,-0.8346653566962298
2017-08-28,-0.5124712119320228
2017-09-04,0.17318688939764887
2017-09-11,1.8349056593092254
2017-09-18,0.644729045289534
2017-09-25,0.4349572905676696
2017-10-02,-0.1662523760873388
2017-10-09,-0.06265000961974708
2017-10-16,0.31753249909487175
2017-10-23,0.2223552297733103
2017-10-30,0.6608552077956078
2017-11-06,0.6985706817383843
2017-11-13,0.5610046424008577
2017-11-20,0.8007249846340022
2017-11-27,-0.38221131152581955
2017-12-04,0.9831809947027212
2017-12-11,1.3199215962581214
2017-12-18,0.6008922117015951
2017-12-25,-0.6947955798578356
2018-01-01,-0.446847603693021
2018-01-08,0.7109450431716163
2018-01-15,0.6529566792212044
2018-01-22,0.6255751134966057
2018-01-29,0.8813557971643704
2018-02-05,0.9163067861061055
2018-02-12,1.0567031315161268
2018-02-19,0.521577820600294
2018-02-26,0.6750725592295339
2018-03-05,1.5152785363316998
2018-03-12,1.1437185879774714
2018-03-19,0.9168333546777326
2018-03-26,0.8169169682115293
2018-04-02,0.387961045549969
2018-04-09,0.5367166670345671
2018-04-16,1.1551714544103564
2018-04-23,1.9986684850851901
2018-04-30,1.7896865832207658
2018-05-07,1.833523416808705
2018-05-14,1.4319490598717433
2018-05-21,1.1214052447547818
2018-05-28,0.29140153372788696
2018-06-04,0.4619439298635478
2018-06-11,0.30812008587704104
2018-06-18,-0.3762874150950169
2018-06-25,-0.6335161623347555
2018-07-02,-0.7120407005786163
2018-07-09,-0.715397575222738
2018-07-16,-0.7093420366490285
2018-07-23,-0.6579357798439529
2018-07-30,-0.5414324833715021
2018-08-06,-0.4715305054880317
2018-08-13,-0.4434249079774461
2018-08-20,-0.6244328544741916
2018-08-27,-0.5767125776705041
2018-09-03,-0.46883184155844393
2018-09-10,-0.465409145842869
2018-09-17,-0.04382518318408556
2018-09-24,-0.3367947722229997
2018-10-01,-0.3433110582968825
2018-10-08,-0.27788491327224074
2018-10-15,1.5550344634895303
2018-10-22,0.07616663007539344
2018-10-29,-0.42598232404230524
2018-11-05,-0.47087229477349807
2018-11-12,-0.486669351922305
2018-11-19,-0.29486674970720816
2018-11-26,0.3141756244507503
2018-12-03,1.5474650402723937
2018-12-10,0.9157802175344788
2018-12-17,0.3210210158818998
2018-12-24,-0.6796567334235623
2018-12-31,-0.9938865285419124
2019-01-07,-0.7768086348887245
2019-01-14,-0.45889285976898625
2019-01-21,-0.42176977546929
2019-01-28,-0.0061755303127624455
2019-02-04,0.8577260325126135
2019-02-11,0.47793845022671494
2019-02-18,0.2794220987233752
2019-02-25,0.5896368084830701
2019-03-04,0.8821456500218108
2019-03-11,0.574892888477517
2019-03-18,1.037812484009012
2019-03-25,0.4370635648541771
2019-04-01,0.5042668788080598
2019-04-08,0.47688531308346116
2019-04-15,0.751425002115434
2019-04-22,0.7732117767664967
2019-04-29,1.4850008434631532
2019-05-06,1.4120710962928282
2019-05-13,1.1188382229681006
2019-05-20,1.6423790253081416
2019-05-27,0.45351883271751753
2019-06-03,0.4202133705621164
2019-06-10,0.8202080217841973
2019-06-17,-0.33264804472143794
2019-06-24,-0.4467159615501143
2019-07-01,-0.4050512233201361
2019-07-08,-0.7813502888190066
2019-07-15,-0.7284301473705036
2019-07-22,-0.7904994177510238
2019-07-29,-0.6991397705737574
2019-08-05,-0.7926056920375314
2019-08-12,-0.8110355920444727
2019-08-19,-0.8771199477836483
2019-08-26,-0.5859275276739748
2019-09-02,-0.6157444730423478
2019-09-09,-0.9042382292224334
2019-09-16,-0.9527483588835611
2019-09-23,0.2874522694406853
2019-09-30,0.3988215223397738
2019-10-07,-0.11273984499575561
2019-10-14,-0.49858296585536344
2019-10-21,-0.5751328719556235
2019-10-28,-0.5937602351769249
2019-11-04,-0.4873275626368385
2019-11-11,-0.22957224682547306
2019-11-18,-0.2087727882462107
2019-11-25,-0.29460346542139476
2019-12-02,-0.665044455560916
2019-12-09,-0.13551393571861883
2019-12-16,-0.16763461858785944
2019-12-23,-0.7964891352532798
2019-12-30,-1.0539153457073784
2020-01-06,-0.12583823821497456
2020-01-13,1.4677557227423725
2020-01-20,1.0615080697322223
2020-01-27,1.0386023368664523
2020-02-03,0.6501263731487097
2020-02-10,0.7406303463970824
2020-02-17,0.591282335269404
2020-02-24,1.460581225953956
2020-03-02,1.0739482522369077
2020-03-09,1.259826958021202
2020-03-16,0.1417902383143952
2020-03-23,-0.47087229477349807
2020-03-30,-0.37635323616647026
2020-04-06,-0.17191298823232795
2020-04-13,-0.1160308985684236
2020-04-20,0.06866302792971006
2020-04-27,0.9576424189788171
2020-05-04,0.5677842127605539
2020-05-11,0.7654448903350001
2020-05-18,0.5012391095212051
2020-05-25,-0.12866854428746916
2020-06-01,-0.15414129893992026
2020-06-08,0.043519378634525825
2020-06-15,-0.2928921175636073
2020-06-22,-0.5891527601751896
2020-06-29,-0.5638116476656452
2020-07-06,-0.7032864980753192
2020-07-13,-0.6655710241325429
2020-07-20,-0.5952082987488989
2020-07-27,-0.551042359803693
2020-08-03,-0.6870945144977922
2020-08-10,-0.8064939381141907
2020-08-17,-0.7579179873816096
2020-08-24,-0.47857336013354146
2020-08-31,-0.32863295936278286
2020-09-07,-0.9171391592272923
2020-09-14,0.31621607766580445
2020-09-21,0.9386859504002487
2020-09-28,0.3201653419530062
2020-10-05,0.18095377582914554
2020-10-12,0.047666106136087606
2020-10-19,-0.34521986936903015
2020-10-26,-0.28848210577623207
2020-11-02,-0.2449085564741064
2020-11-09,-0.0827912574844759
2020-11-16,0.15488863153361426
2020-11-23,0.08603979079339763
2020-11-30,-0.5496601173031723
2020-12-07,0.1438965126009028
2020-12-14,-0.03842785532490989
2020-12-21,-0.5571637194488556
2020-12-28,-1.0039571524742767
2021-01-04,-0.9726263224624764
2021-01-11,-0.80451930597059
2021-01-18,-0.7199392291530199
2021-01-25,-0.20469188181610226
2021-02-01,0.0812348525773021
2021-02-08,-0.7427133198758831
2021-02-15,-0.752520659522434
2021-02-22,0.4568098862901856
2021-03-01,-0.43888325404716416
2021-03-08,0.018309908267888145
2021-03-15,-0.17981151680673144
2021-03-22,-0.28775807399024506
2021-03-29,-0.24490855647410648
2021-04-05,-0.5765809355275974
2021-04-12,-0.6152837255421744
2021-04-19,-0.28150507220217563
2021-04-26,0.5076237534521811
2021-05-03,0.08393351650689003
2021-05-10,0.13593216295504598
2021-05-17,-0.06495374712061479
2021-05-24,-0.23918212325766391
2021-05-31,-0.4831808351352768
2021-06-07,-0.5358376922979664
2021-06-14,-0.4580371858400925
2021-06-21,-0.6512878516271633
2021-06-28,-0.45441702691015756
2021-07-05,0.039109366847150544
2021-07-12,-0.1671080500162325
2021-07-19,0.15357221010454708
2021-07-26,0.05622284542502468
2021-08-02,-0.4188078272538887
2021-08-09,-0.21542071646300018
2021-08-16,0.3268132701697958
2021-08-23,-0.7750972870309372
2021-08-30,-0.7597609773823039
2021-09-06,0.10585193330085955
2021-09-13,-0.012296889957925211
2021-09-20,-0.036848149610029184
2021-09-27,0.18621946154541463
2021-10-04,0.009358242550230914
2021-10-11,0.09637369901157548
2021-10-18,0.20491264583816932
2021-10-25,0.4877457898732658
2021-11-01,0.7959200464179066
2021-11-08,0.7889430128438502
2021-11-15,0.3972418166248931
2021-11-22,0.1840473661874536
2021-11-29,-0.6021195112515019
2021-12-06,0.6904746899496208
2021-12-13,0.7227270149617683
2021-12-20,0.12184645366402666
2021-12-27,-0.7953701770385726
2022-01-03,-0.8080736438290715
2022-01-10,-1.150738141815274
2022-01-17,-1.150738141815274
2022-01-24,-1.144156034669938
2022-01-31,-1.150738141815274
2022-02-07,-1.150738141815274
2022-02-14,-1.150738141815274
2022-02-21,-1.150738141815274
2022-02-28,-1.144156034669938
2022-03-07,-1.14125990752599
2022-03-14,-1.150738141815274
2022-03-21,-1.150738141815274
2022-03-28,-1.139285275382389
2022-04-04,-1.137639748596055
2022-04-11,-1.1504090364580073
2022-04-18,-1.1504090364580073
2022-04-25,-0.46317122941345473
2022-05-02,-1.1406016968114563
2022-05-09,-1.1211186596612612
2022-05-16,-1.1226325443046883
2022-05-23,-1.1253970293057296
2022-05-30,-1.1382979593105886
2022-06-06,-1.1280956932353174
2022-06-13,-1.150738141815274
2022-06-20,-1.150738141815274
2022-06-27,-1.150738141815274
2022-07-04,-0.875276957782954
2022-07-11,-0.6565535373434322
2022-07-18,-0.42506082904195813
2022-07-25,1.0370884522230248
2022-08-01,-0.0533034174733697
2022-08-08,0.40566691377092334
2022-08-15,-0.01453480638733949
2022-08-22,0.40527198734220315
2022-08-29,0.23387391727764864
2022-09-05,0.4498986737875827
2022-09-12,0.776371188196258
2022-09-19,0.9500729957616805
2022-09-26,0.866743519301724
2022-10-03,1.403645999146798
2022-10-10,1.0039146322105306
2022-10-17,0.8179701053547829
2022-10-24,1.0990260804606387
2022-10-31,1.1609637086982523
2022-11-07,0.9902238493482312
2022-11-14,1.2014436676420697
2022-11-21,1.268383697310139
2022-11-28,-0.13952902107727388
2022-12-05,1.7118860767628923
2022-12-12,1.8184503914458854
2022-12-19,0.590887408840684
2022-12-26,-0.7189519130812193
2023-01-02,-0.976378123535318
2023-01-09,-1.1275691246636905
2023-01-16,-1.1220401546616081
2023-01-23,-1.1148656578731917
2023-01-30,-1.1197364171607405
2023-02-06,-1.1098632564427362
2023-02-13,-1.1193414907320203
2023-02-20,-1.1219085125187014
2023-02-27,-1.11874910108894
2023-03-06,-1.1199338803751007
2023-03-13,-1.1231591128763154
2023-03-20,-1.1184858168031266
2023-03-27,-1.09525097858009
2023-04-03,-1.1311892835936255
2023-04-10,-1.1502773943151003
2023-04-17,-1.1496850046720202
2023-04-24,-0.42381022868434426
2023-05-01,-1.136389148238441
2023-05-08,-1.0846537860760985
2023-05-15,-1.0944611257226495
2023-05-22,-1.1031495071544932
2023-05-29,-1.1307943571649053
2023-06-05,-1.1258577768059033
2023-06-12,-1.1215794071614347
2023-06-19,-1.1382979593105884
2023-06-26,-1.1397460228825624
2023-07-03,-0.9040407660080733
2023-07-10,-0.28091268255909535
2023-07-17,0.28244986801022975
2023-07-24,0.4206082969908366
2023-07-31,1.1038310186767342
2023-08-07,-0.3196154725736723
2023-08-14,-0.1193877732125451
2023-08-21,-0.016509438530940397
2023-08-28,0.6882367735202063
2023-09-04,0.42166143413409035
2023-09-11,1.1363466279746948
2023-09-18,1.2897755455324815
2023-09-25,1.3332174526917004
2023-10-02,1.4692696073857998
2023-10-09,1.2043397947860177
2023-10-16,0.9080791521744356
2023-10-23,1.0785557272386428
2023-10-30,1.3268328087607244
2023-11-06,0.9459262682601187
2023-11-13,0.9342101175414201
2023-11-20,1.2945146626771236
2023-11-27,-0.12636480678660147
2023-12-04,1.9286348650588128
2023-12-11,1.9837929229367306
2023-12-18,0.8437061442930475
2023-12-25,-0.6260125601890723
2024-01-01,-0.9913195067552313
2024-01-08,-1.1466572353851654
2024-01-15,-1.1296753989501982
2024-01-22,-1.1234882182335821
2024-01-29,-1.120921196446901
2024-02-05,-1.1206579121610876
2024-02-12,-1.1215135860899814
2024-02-19,-1.1259235978773565
2024-02-26,-1.122566723233235
2024-03-04,-1.119999701446554
2024-03-11,-1.1212503018041677
2024-03-18,-1.1240806078766623
2024-03-25,-1.1234223971621289
2024-04-01,-1.1342828739519335
2024-04-08,-1.1504090364580073
2024-04-15,-1.1504090364580073
2024-04-22,-0.4921983219243873
2024-04-29,-1.1090075825138423
2024-05-06,-1.1259894189488098
2024-05-13,-1.1201313435894606
2024-05-20,-1.122369260018875
2024-05-27,-1.1300703253789184
2024-06-03,-1.127503303592237
2024-06-10,-1.1273716614493305
2024-06-17,-1.150738141815274
2024-06-24,-1.150738141815274
2024-07-01,-0.9979016139005674
2024-07-08,-0.23727331218551645
2024-07-15,-0.19396304716920426
2024-07-22,-0.15552354144044084
2024-07-29,-0.22779507789623227
2024-08-05,-0.5128003172892897
2024-08-12,-0.6460879869823477
2024-08-19,-0.43091890440130737
2024-08-26,-0.1990312696711131
2024-09-02,-0.04830101604291415
2024-09-09,-0.0712067489086841
2024-09-16,0.2929812394427677
2024-09-23,0.3589339530390364
2024-09-30,0.6910012585212476
2024-10-07,0.6070135713467576
2024-10-14,1.185646610493263
2024-10-21,0.3083833701628544
2024-10-28,0.5542250720411614
2024-11-04,0.40737826162871077
2024-11-11,1.0171446675726563
2024-11-18,1.0693407772351722
2024-11-25,0.8211953378559976
2024-12-02,-0.23055956289727345
2024-12-09,1.4333313023722642
2024-12-16,0.8310026775025486
2024-12-23,-0.32363055793232737
2024-12-30,-1.0215971996237776
2025-01-06,-1.0280476646262071
2025-01-13,-0.3258026532902883
2025-01-20,-0.5133927069323699
2025-01-27,0.2618478726453275
2025-02-03,-0.2926288332777939
2025-02-10,0.3433343591045896
2025-02-17,-0.08943918570126543
2025-02-24,0.09986221579860369
2025-03-03,0.1870751354743083
2025-03-10,-0.23227091075506096
2025-03-17,-0.25195141111961616
2025-03-24,-0.4075524240353639
2025-03-31,0.5298712756034175
2025-04-07,-0.04691877354239355
2025-04-14,0.053853286852703554
2025-04-21,-0.1282077967872957
2025-04-28,0.6433468027890135
2025-05-05,0.25921502978719285
2025-05-12,0.030157701129493373
2025-05-19,-0.09325680784556042
2025-05-26,-0.07147003319449771
2025-06-02,-0.10391982142100509
2025-06-09,-0.3617409583038239
2025-06-16,-0.6614901177024344
2025-06-23,-0.7324452327291586
2025-06-30,-0.6227873276878576
2025-07-07,-0.7723986231013493
2025-07-14,-0.690319746999007
2025-07-21,-0.48660353085085156
2025-07-28,-0.40189181189037476
2025-08-04,0.6083299927758249
2025-08-11,0.0364107029175627
2025-08-18,-0.53669336622686
2025-08-25,-0.41551677368122064
2025-09-01,-0.4340124947596154
2025-09-08,-0.09082142820178607
2025-09-15,-0.07871035105436734
2025-09-22,0.35287841446532714
2025-09-29,0.649994731005803
2025-10-06,-0.05376416497354317
2025-10-13,-0.13037989214525653
2025-10-20,-0.023157366747729884
2025-10-27,-0.17026746144599383
2025-11-03,1.3646141037749542
2025-11-10,0.9995704414946085
2025-11-17,1.151090547980248
2025-11-24,1.0975780168886646
2025-12-01,0.10341655365708527
2025-12-08,1.6588342931714823
2025-12-15,1.2560751569483604
2025-12-22,0.10828731294463403
2025-12-29,-0.7325110538006119
2026-01-05,-0.6835401766393105
