window_id,window_type,train_start,train_end,test_start,test_end,train_start_date,train_end_date,test_start_date,test_end_date,n_train,n_test,n_selected,train_mse,test_mse
0,expanding,0,312,312,316,2009-04-13T00:00:00,2015-03-30T00:00:00,2015-04-06T00:00:00,2015-04-27T00:00:00,312,4,4,0.03306427654677064,0.03730216563899114
1,expanding,0,320,320,324,2009-04-13T00:00:00,2015-05-25T00:00:00,2015-06-01T00:00:00,2015-06-22T00:00:00,320,4,4,0.032965335321920496,0.023216656564785824
2,expanding,0,328,328,332,2009-04-13T00:00:00,2015-07-20T00:00:00,2015-07-27T00:00:00,2015-08-17T00:00:00,328,4,4,0.033167771657670875,0.07508597223157924
3,expanding,0,336,336,340,2009-04-13T00:00:00,2015-09-14T00:00:00,2015-09-21T00:00:00,2015-10-12T00:00:00,336,4,4,0.033587984791287134,0.01604492812068191
4,expanding,0,344,344,348,2009-04-13T00:00:00,2015-11-09T00:00:00,2015-11-16T00:00:00,2015-12-07T00:00:00,344,4,4,0.03313706086448718,0.025804373441188785
5,expanding,0,352,352,356,2009-04-13T00:00:00,2016-01-04T00:00:00,2016-01-11T00:00:00,2016-02-01T00:00:00,352,4,4,0.03321629608949166,0.042784751768282996
6,expanding,0,360,360,364,2009-04-13T00:00:00,2016-02-29T00:00:00,2016-03-07T00:00:00,2016-03-28T00:00:00,360,4,4,0.03315510796000887,0.036964234975896466
7,expanding,0,368,368,372,2009-04-13T00:00:00,2016-04-25T00:00:00,2016-05-02T00:00:00,2016-05-23T00:00:00,368,4,4,0.03380134987894061,0.01723852405892394
8,expanding,0,376,376,380,2009-04-13T00:00:00,2016-06-20T00:00:00,2016-06-27T00:00:00,2016-07-18T00:00:00,376,4,4,0.03359196318945213,0.05597682736902648
9,expanding,0,384,384,388,2009-04-13T00:00:00,2016-08-15T00:00:00,2016-08-22T00:00:00,2016-09-12T00:00:00,384,4,4,0.03384151198792872,0.0009266436857449984
10,expanding,0,392,392,396,2009-04-13T00:00:00,2016-10-10T00:00:00,2016-10-17T00:00:00,2016-11-07T00:00:00,392,4,4,0.03357484532628834,0.03311365540226952
11,expanding,0,400,400,404,2009-04-13T00:00:00,2016-12-05T00:00:00,2016-12-12T00:00:00,2017-01-02T00:00:00,400,4,4,0.03358749686942041,0.06352705014267951
12,expanding,0,408,408,412,2009-04-13T00:00:00,2017-01-30T00:00:00,2017-02-06T00:00:00,2017-02-27T00:00:00,408,4,4,0.03355229078382929,0.036606754864935684
13,expanding,0,416,416,420,2009-04-13T00:00:00,2017-03-27T00:00:00,2017-04-03T00:00:00,2017-04-24T00:00:00,416,4,4,0.033616215035588856,0.013640514977933766
14,expanding,0,424,424,428,2009-04-13T00:00:00,2017-05-22T00:00:00,2017-05-29T00:00:00,2017-06-19T00:00:00,424,4,4,0.03318226882166567,0.024259369995715815
15,expanding,0,432,432,436,2009-04-13T00:00:00,2017-07-17T00:00:00,2017-07-24T00:00:00,2017-08-14T00:00:00,432,4,4,0.03319809331748192,0.042999806799526766
16,expanding,0,440,440,444,2009-04-13T00:00:00,2017-09-11T00:00:00,2017-09-18T00:00:00,2017-10-09T00:00:00,440,4,6,0.032616225606952584,0.018668710652132083
17,expanding,0,448,448,452,2009-04-13T00:00:00,2017-11-06T00:00:00,2017-11-13T00:00:00,2017-12-04T00:00:00,448,4,6,0.032369569857593365,0.009055067414742102
18,expanding,0,456,456,460,2009-04-13T00:00:00,2018-01-01T00:00:00,2018-01-08T00:00:00,2018-01-29T00:00:00,456,4,6,0.032091722024438794,0.006956502504032586
19,expanding,0,464,464,468,2009-04-13T00:00:00,2018-02-26T00:00:00,2018-03-05T00:00:00,2018-03-26T00:00:00,464,4,6,0.03178178359617949,0.0045499789884126274
20,expanding,0,472,472,476,2009-04-13T00:00:00,2018-04-23T00:00:00,2018-04-30T00:00:00,2018-05-21T00:00:00,472,4,6,0.03205371720735766,0.01355497151462346
21,expanding,0,480,480,484,2009-04-13T00:00:00,2018-06-18T00:00:00,2018-06-25T00:00:00,2018-07-16T00:00:00,480,4,6,0.03203788766749329,0.031026399916450773
22,expanding,0,488,488,492,2009-04-13T00:00:00,2018-08-13T00:00:00,2018-08-20T00:00:00,2018-09-10T00:00:00,488,4,6,0.03182220074281718,0.015003194410957208
23,expanding,0,496,496,500,2009-04-13T00:00:00,2018-10-08T00:00:00,2018-10-15T00:00:00,2018-11-05T00:00:00,496,4,6,0.031546056182955445,0.012403980613275268
24,expanding,0,504,504,508,2009-04-13T00:00:00,2018-12-03T00:00:00,2018-12-10T00:00:00,2018-12-31T00:00:00,504,4,6,0.031722968548402314,0.032994691175240204
25,expanding,0,512,512,516,2009-04-13T00:00:00,2019-01-28T00:00:00,2019-02-04T00:00:00,2019-02-25T00:00:00,512,4,6,0.03159602401763594,0.007277253767537649
26,expanding,0,520,520,524,2009-04-13T00:00:00,2019-03-25T00:00:00,2019-04-01T00:00:00,2019-04-22T00:00:00,520,4,6,0.03141779487294343,0.02627145079623475
27,expanding,0,528,528,532,2009-04-13T00:00:00,2019-05-20T00:00:00,2019-05-27T00:00:00,2019-06-17T00:00:00,528,4,6,0.03166873116268047,0.07811377858665162
28,expanding,0,536,536,540,2009-04-13T00:00:00,2019-07-15T00:00:00,2019-07-22T00:00:00,2019-08-12T00:00:00,536,4,6,0.03187522464032754,0.04043489077173646
29,expanding,0,544,544,548,2009-04-13T00:00:00,2019-09-09T00:00:00,2019-09-16T00:00:00,2019-10-07T00:00:00,544,4,6,0.031775517275163145,0.04990358530255212
30,expanding,0,552,552,556,2009-04-13T00:00:00,2019-11-04T00:00:00,2019-11-11T00:00:00,2019-12-02T00:00:00,552,4,6,0.031874186030449225,0.03595017823523625
31,expanding,0,560,560,564,2009-04-13T00:00:00,2019-12-30T00:00:00,2020-01-06T00:00:00,2020-01-27T00:00:00,560,4,6,0.03199262530736017,0.013429719001057376
32,expanding,0,568,568,572,2009-04-13T00:00:00,2020-02-24T00:00:00,2020-03-02T00:00:00,2020-03-23T00:00:00,568,4,5,0.031885578117989526,0.12800976793059832
33,expanding,0,576,576,580,2009-04-13T00:00:00,2020-04-20T00:00:00,2020-04-27T00:00:00,2020-05-18T00:00:00,576,4,5,0.03258183689050307,0.025498815581595394
34,expanding,0,584,584,588,2009-04-13T00:00:00,2020-06-15T00:00:00,2020-06-22T00:00:00,2020-07-13T00:00:00,584,4,5,0.032362754371133,0.08733506968555792
35,expanding,0,592,592,596,2009-04-13T00:00:00,2020-08-10T00:00:00,2020-08-17T00:00:00,2020-09-07T00:00:00,592,4,5,0.032703235092000016,0.011824747995095322
36,expanding,0,600,600,604,2009-04-13T00:00:00,2020-10-05T00:00:00,2020-10-12T00:00:00,2020-11-02T00:00:00,600,4,5,0.032527851439337445,0.012028192503580996
37,expanding,0,608,608,612,2009-04-13T00:00:00,2020-11-30T00:00:00,2020-12-07T00:00:00,2020-12-28T00:00:00,608,4,5,0.03226603627655957,0.028139765780062467
38,expanding,0,616,616,620,2009-04-13T00:00:00,2021-01-25T00:00:00,2021-02-01T00:00:00,2021-02-22T00:00:00,616,4,5,0.03243519826315407,0.08295829539710105
39,expanding,0,624,624,628,2009-04-13T00:00:00,2021-03-22T00:00:00,2021-03-29T00:00:00,2021-04-19T00:00:00,624,4,5,0.03263222048426425,0.14172781689821387
40,expanding,0,632,632,636,2009-04-13T00:00:00,2021-05-17T00:00:00,2021-05-24T00:00:00,2021-06-14T00:00:00,632,4,5,0.03364155562240859,0.032166383517204626
41,expanding,0,640,640,644,2009-04-13T00:00:00,2021-07-12T00:00:00,2021-07-19T00:00:00,2021-08-09T00:00:00,640,4,5,0.034440634017061086,0.028235196368985492
42,expanding,0,648,648,652,2009-04-13T00:00:00,2021-09-06T00:00:00,2021-09-13T00:00:00,2021-10-04T00:00:00,648,4,5,0.034285571213822225,0.03130789445859696
43,expanding,0,656,656,660,2009-04-13T00:00:00,2021-11-01T00:00:00,2021-11-08T00:00:00,2021-11-29T00:00:00,656,4,5,0.03416312787589144,0.04749374713549475
44,expanding,0,664,664,668,2009-04-13T00:00:00,2021-12-27T00:00:00,2022-01-03T00:00:00,2022-01-24T00:00:00,664,4,5,0.034191959053368026,0.003934923914381859
45,expanding,0,672,672,676,2009-04-13T00:00:00,2022-02-21T00:00:00,2022-02-28T00:00:00,2022-03-21T00:00:00,672,4,5,0.034623072712767086,0.1480603425410158
46,expanding,0,680,680,684,2009-04-13T00:00:00,2022-04-18T00:00:00,2022-04-25T00:00:00,2022-05-16T00:00:00,680,4,5,0.0354376164920337,0.0065910127303566175
47,expanding,0,688,688,692,2009-04-13T00:00:00,2022-06-13T00:00:00,2022-06-20T00:00:00,2022-07-11T00:00:00,688,4,5,0.035124756135495025,0.09935909300424517
48,expanding,0,696,696,700,2009-04-13T00:00:00,2022-08-08T00:00:00,2022-08-15T00:00:00,2022-09-05T00:00:00,696,4,4,0.03548603316478546,0.008819008213465391
49,expanding,0,704,704,708,2009-04-13T00:00:00,2022-10-03T00:00:00,2022-10-10T00:00:00,2022-10-31T00:00:00,704,4,4,0.03523799767873195,0.02598372659355412
50,expanding,0,712,712,716,2009-04-13T00:00:00,2022-11-28T00:00:00,2022-12-05T00:00:00,2022-12-26T00:00:00,712,4,4,0.035048324184705965,0.02176952634175232
51,expanding,0,720,720,724,2009-04-13T00:00:00,2023-01-23T00:00:00,2023-01-30T00:00:00,2023-02-20T00:00:00,720,4,4,0.034908162620719316,0.024172361478585504
52,expanding,0,728,728,732,2009-04-13T00:00:00,2023-03-20T00:00:00,2023-03-27T00:00:00,2023-04-17T00:00:00,728,4,4,0.0348309554257623,0.007316736055528034
53,expanding,0,736,736,740,2009-04-13T00:00:00,2023-05-15T00:00:00,2023-05-22T00:00:00,2023-06-12T00:00:00,736,4,4,0.034660243542514804,0.009470576151673364
54,expanding,0,744,744,748,2009-04-13T00:00:00,2023-07-10T00:00:00,2023-07-17T00:00:00,2023-08-07T00:00:00,744,4,4,0.03498989353411772,0.052663403340222625
55,expanding,0,752,752,756,2009-04-13T00:00:00,2023-09-04T00:00:00,2023-09-11T00:00:00,2023-10-02T00:00:00,752,4,4,0.0350720596710835,0.006940247272340716
56,expanding,0,760,760,764,2009-04-13T00:00:00,2023-10-30T00:00:00,2023-11-06T00:00:00,2023-11-27T00:00:00,760,4,4,0.03479190132407682,0.012291281041519934
57,expanding,0,768,768,772,2009-04-13T00:00:00,2023-12-25T00:00:00,2024-01-01T00:00:00,2024-01-22T00:00:00,768,4,4,0.03453615606542904,0.03086002380059182
58,expanding,0,776,776,780,2009-04-13T00:00:00,2024-02-19T00:00:00,2024-02-26T00:00:00,2024-03-18T00:00:00,776,4,4,0.03436200401082999,0.00671051363891708
59,expanding,0,784,784,788,2009-04-13T00:00:00,2024-04-15T00:00:00,2024-04-22T00:00:00,2024-05-13T00:00:00,784,4,4,0.03418203633543207,0.009384538331721625
60,expanding,0,792,792,796,2009-04-13T00:00:00,2024-06-10T00:00:00,2024-06-17T00:00:00,2024-07-08T00:00:00,792,4,4,0.03389791035693027,0.1378892747649137
61,expanding,0,800,800,804,2009-04-13T00:00:00,2024-08-05T00:00:00,2024-08-12T00:00:00,2024-09-02T00:00:00,800,4,4,0.03432770493537525,0.013886792954070085
62,expanding,0,808,808,812,2009-04-13T00:00:00,2024-09-30T00:00:00,2024-10-07T00:00:00,2024-10-28T00:00:00,808,4,4,0.034173679646703946,0.013645063920256831
63,expanding,0,816,816,820,2009-04-13T00:00:00,2024-11-25T00:00:00,2024-12-02T00:00:00,2024-12-23T00:00:00,816,4,4,0.03396475703116756,0.05036414760518884
64,expanding,0,824,824,828,2009-04-13T00:00:00,2025-01-20T00:00:00,2025-01-27T00:00:00,2025-02-17T00:00:00,824,4,4,0.03413826517747136,0.02552768238960322
