,y_true,y_pred
1,0.019603559,0.017546033341616626
2,0.017733398999999993,0.0188256640920572
3,0.018826185999999998,0.016296275451519314
4,0.02112649599999999,0.018092032913555715
5,0.017344031000000003,0.018502374577748813
7,0.019322569000000005,0.016533572400603137
8,0.019049320999999998,0.0168732963000559
9,0.015198583999999994,0.01878903139878777
10,0.015655348,0.017275588723794953
11,0.023497159999999996,0.019841527088081626
12,0.016967650999999993,0.016896032124820194
13,0.018105180000000002,0.01924804606133096
14,0.017375131999999995,0.017598536516285564
15,0.017528345000000008,0.018204947326100084
16,0.021258337999999998,0.019887474398945348
17,0.017014476000000004,0.01995898080934164
18,0.016708316,0.01753513636908815
19,0.020727276,0.019114108176019936
20,0.013279053,0.017269260239032615
22,0.0247453,0.01975297531385009
23,0.022358616000000005,0.01850178979327457
24,0.017912324,0.020633601539797205
25,0.021563344000000012,0.02238333719605453
27,0.024144903,0.022308755195647723
28,0.021570481000000002,0.022742309107962346
29,0.018996500000000003,0.019917314339681864
30,0.019576760999999998,0.01955287043633639
31,0.02095985,0.019669294066176513
32,0.01792189,0.018817905434215382
33,0.016578075000000005,0.017327139258755977
34,0.017086971000000003,0.017895551612069932
35,0.015028730000000004,0.016224102715532825
37,0.014353398999999994,0.015410433154453618
38,0.0142404,0.015579149535880403
39,0.019679921000000003,0.015578002390613958
41,0.014145209000000004,0.016306846669403952
42,0.015132048000000006,0.01562108691753164
45,0.013744052000000001,0.01449203073241062
46,0.013122602000000006,0.013157601811994084
47,0.011427901,0.012992810290016513
48,0.011586195999999997,0.01217220562597292
49,0.010755814,0.01200929114992911
50,0.013951056000000005,0.012312833984939793
51,0.015889066,0.014018745757833484
52,0.015684800000000006,0.014168616715267618
53,0.015127207000000004,0.015490434862570478
54,0.016804097999999993,0.016684637597751607
55,0.019108445999999998,0.01736180271651874
56,0.014971360999999996,0.017257118240946195
57,0.012163830000000004,0.014692420811595722
58,0.014216925,0.01465073992536858
60,0.014319244999999994,0.014421328702027935
61,0.016072007000000003,0.015012987091035821
62,0.012431099000000003,0.015686581653668763
63,0.02170119799999999,0.016156328486341156
65,0.02251591099999999,0.02052374887065169
66,0.014195957000000006,0.021170501731383518
67,0.021139549999999997,0.019875740574547773
68,0.044855674000000005,0.026515141268139888
69,0.028373668000000005,0.03117455759674939
70,0.021867935000000005,0.022321559349608115
71,0.018379098999999996,0.01876460281732669
72,0.018134375999999997,0.016334352118461338
74,0.01720779399999999,0.0162617962625998
75,0.016018775000000002,0.016776955903904774
76,0.020074728999999986,0.016827762205990093
77,0.019327571,0.0211244309661217
79,0.015123752999999995,0.01840253529829119
80,0.016759104000000004,0.016489426493456055
81,0.01658565,0.0177257270499954
82,0.024252493,0.019110171207662795
83,0.023894840000000007,0.02156952220050416
84,0.013048620999999995,0.019838052006018406
85,0.025546532000000004,0.015302086747457989
86,0.017849799000000003,0.019027023634661123
87,0.014789738999999993,0.01731639132915517
88,0.013151454000000002,0.01685101441841543
89,0.015267727999999996,0.01586731539466778
90,0.016479659999999997,0.016811296409009087
91,0.01702505,0.01568138152892189
93,0.015464565,0.01599468585868045
94,0.015008329999999997,0.016387978903544004
95,0.014776914000000002,0.015338191027109191
96,0.015514339,0.014926422530432784
98,0.01621885899999999,0.017391093738452913
99,0.021522750999999996,0.017484254128112393
100,0.031175929,0.018681267554497602
101,0.017582104000000005,0.020990220845821604
102,0.016348153000000004,0.01743307982371098
103,0.018497003999999997,0.017025215293454923
104,0.019371671000000014,0.017233555010608723
105,0.017093979999999995,0.01819858506390582
106,0.023667365,0.0186503638891695
107,0.022564138,0.019421984260181917
108,0.024819492000000002,0.020525464483021536
109,0.024849526,0.021800462261026773
110,0.017333713999999993,0.02133193930280914
112,0.020545667,0.020116405305080184
113,0.021714727999999996,0.019295601808890825
114,0.025768316000000003,0.02121536669114446
115,0.02680319600000001,0.023120912574471665
117,0.026481434999999994,0.022050807526346927
118,0.022247435,0.022146664365670313
119,0.01968559699999999,0.02156537878602964
120,0.027100089000000008,0.02037107604048581
121,0.022953650999999995,0.022536922756783394
122,0.015246470000000002,0.01950870328798977
123,0.014396112999999995,0.017289269581595674
124,0.015549334000000001,0.015980105576818844
126,0.017486995000000005,0.017622950742834494
127,0.019462082,0.01902216735276892
128,0.021349215,0.020139558339839235
129,0.020184603000000006,0.021882804665863172
131,0.016703658,0.019589949356480986
132,0.017808004000000006,0.01799652162039217
133,0.016325768000000004,0.0165520697648115
134,0.014808851000000003,0.014803560434618354
135,0.015816862999999994,0.015549554968410819
136,0.012390883000000005,0.015732381213299947
137,0.017784702999999992,0.01359683089146044
138,0.015349253999999994,0.016725303666553247
139,0.015444023,0.01737650189902948
140,0.012642221000000004,0.0168551201095365
143,0.017126157999999992,0.015117821903232487
145,0.016771715999999996,0.014724069577200072
146,0.013922559000000001,0.016097282188768252
147,0.013435913999999997,0.015351184504364736
148,0.011291379,0.014811360072428089
150,0.013474459000000001,0.014326191383947957
151,0.013235852999999999,0.014119397440412044
152,0.015228384000000003,0.013399682604621687
153,0.012181657999999995,0.014240772896777495
154,0.017098504,0.014547722681643232
155,0.014371541999999994,0.013909556064110028
156,0.014413446000000002,0.015759472306468063
157,0.011876313999999997,0.014323658894342839
158,0.013757732,0.015812809803883218
159,0.016576049000000002,0.017563968707598566
160,0.012941979999999999,0.014687714952461484
161,0.02171279699999999,0.015570495532561235
162,0.019124836999999995,0.018430124274148335
164,0.017232004,0.018938661575186175
165,0.016094356999999997,0.017061541143545748
166,0.019194230999999996,0.01893526106752807
167,0.01857516800000001,0.019107772278103133
168,0.017778168999999996,0.021039661977727487
169,0.019114119999999995,0.01911460194298896
170,0.025880511000000002,0.020725126072774384
171,0.020585367000000004,0.02056460569704959
172,0.023482638,0.018969588814958038
173,0.018966334,0.0189998749522675
174,0.013024554999999997,0.015212746337366313
175,0.012912783000000004,0.014678611179006339
176,0.013364080000000004,0.01391307575098089
178,0.016125892999999995,0.014825604443445595
179,0.017378081999999996,0.01445322357592177
180,0.018314548999999992,0.017481330862644955
181,0.012605823000000004,0.01446916779661176
183,0.012385003000000002,0.013424747996069394
184,0.012275974999999996,0.013019668877463128
186,0.013605924000000004,0.013546341320525986
188,0.0077972280000000015,0.011783638998992594
189,0.009708408999999996,0.010391513133727989
190,0.009798992999999997,0.011222902864278834
191,0.012420377999999994,0.011047374743325919
192,0.010474144999999999,0.011349729926486554
193,0.011003852999999996,0.010456802277319403
194,0.014861651999999993,0.011429068998071513
195,0.016218682,0.01323980231569059
196,0.012800617000000002,0.011230525376605778
198,0.011235542,0.011971920104223596
199,0.012606864000000004,0.011601357334416312
200,0.010866760000000001,0.01234273198297867
202,0.013323744000000004,0.013920300893458954
203,0.013314832000000002,0.014489163554654677
204,0.011712734999999997,0.013867504025143345
205,0.010763425999999998,0.013237826934860501
206,0.021291574,0.013448277861051567
207,0.015049656000000003,0.015053472167186756
208,0.012559215000000002,0.014310924606965253
209,0.012057462000000003,0.013373297142605418
210,0.012309504999999998,0.01284133514351448
211,0.015217156000000003,0.012810446993682625
212,0.012461808999999997,0.013638957413846114
213,0.012026384,0.01218740146130125
214,0.010682585000000003,0.011852676219239258
216,0.010322023999999997,0.009579366268594448
217,0.010836225,0.010740201332340415
218,0.011104610999999999,0.010548058283313058
219,0.011278722999999997,0.011175175618738601
220,0.011091823,0.010374421772582226
221,0.013398368999999997,0.012115741396690069
222,0.011667288,0.013815062102664222
223,0.010066271999999996,0.012268261139775211
224,0.012480771999999996,0.01237791178196628
225,0.012236742000000004,0.012730481630667983
226,0.010421002,0.010925735353950456
227,0.011994442000000004,0.011611914571156432
228,0.010310674000000004,0.011306066002872149
230,0.009959264000000002,0.010891279710379573
231,0.010111395000000002,0.010078344797958211
232,0.011091345000000002,0.010291444799394128
233,0.010004428,0.01036175542480089
234,0.009741562000000002,0.0103270395257259
236,0.009683591999999998,0.0095930416387173
237,0.007946129000000001,0.00906101212227136
238,0.008576451,0.008602713795146662
240,0.0071589429999999975,0.008388943004803306
241,0.008039170999999998,0.007231212861887965
242,0.008153910000000002,0.00781753904792155
243,0.009263871999999996,0.008843255753446966
244,0.009185480000000003,0.009301867609722073
245,0.006061682,0.009148221284875043
246,0.009235429000000002,0.008862310210683977
247,0.012729001000000002,0.010030371334534128
248,0.009263932000000002,0.009873945232348703
250,0.009828826000000004,0.010495893297896472
251,0.014765875000000005,0.010559553226060548
252,0.011540998000000002,0.012681645121608449
254,0.020234837999999998,0.0130499593147796
256,0.018944992,0.016886490536656334
258,0.014213712999999994,0.016053493175451596
259,0.012421585999999998,0.014114135057426962
260,0.015604139999999997,0.014205359632451007
261,0.01823577700000001,0.015414281450776895
262,0.012796621000000005,0.013184172471267096
263,0.015750923,0.014236704982178697
264,0.015172380999999999,0.014921958326416183
265,0.013074262000000005,0.014639508688452823
266,0.013369986000000004,0.014093806838678752
268,0.012058646999999997,0.01422275024179947
269,0.011673408000000001,0.012605593579340433
270,0.011150946999999998,0.012339932570262849
271,0.01218145,0.013175741844886563
272,0.012130341999999997,0.012691552069561445
273,0.012022301000000003,0.013369489586117143
274,0.016735464000000005,0.013715797920747636
275,0.014648442999999999,0.014363302123358427
276,0.013419365000000004,0.015950820774545325
277,0.015265625000000003,0.01574056297856835
278,0.016741030999999996,0.015002397449156388
279,0.015167049000000002,0.013677695763064103
280,0.011484601999999997,0.012332181878714836
282,0.010984008,0.013232119557282537
283,0.012006419999999997,0.01271027353465789
284,0.013195857999999996,0.01293650458458978
285,0.015432485999999999,0.013278705240056128
286,0.018179944000000003,0.01584126066029585
288,0.013981440000000003,0.016325930854419544
289,0.015713883999999994,0.016168334980292083
290,0.013178999999999998,0.01580142149010146
291,0.014994128000000008,0.01290942312912712
292,0.013228996,0.014357209017219926
293,0.013865833000000003,0.013438137033426329
294,0.01627031,0.014882374541950108
295,0.019063500999999997,0.015229738130220504
296,0.023709394,0.016845213035956135
297,0.015020462999999993,0.01763751476476227
298,0.01292248,0.014650027426113538
299,0.014974746999999998,0.013888402796666689
300,0.015297589999999996,0.016207330474209688
302,0.013771895,0.01518934805346971
303,0.017539339000000004,0.014638252184671609
304,0.013919236999999998,0.01573853055533844
306,0.013842778000000003,0.012834254913339676
307,0.013794192000000005,0.013962870880815043
308,0.018173098,0.013921494032990709
309,0.016005973000000007,0.013691768183470331
310,0.013971578999999996,0.015035356221713578
311,0.018198876999999995,0.014134203311259237
312,0.015720676000000003,0.014415446760254629
313,0.013861805999999996,0.014125547390290323
314,0.011500724999999996,0.014621753590643138
315,0.014356069000000006,0.012359767831220388
316,0.014474614999999994,0.013865131129152743
317,0.020718995,0.015185197666257028
318,0.016142702,0.01680928676612114
320,0.020389988000000005,0.014819000502590747
321,0.016110115000000008,0.01820146557429768
322,0.013973214000000005,0.015009245206376861
323,0.02025492500000001,0.016137327495923115
324,0.024513516,0.020996723603022717
325,0.018228326000000006,0.01942098004233724
326,0.014867678999999998,0.016470609108941884
327,0.014643130999999998,0.016147232605643096
328,0.013899550999999996,0.01634991505785274
329,0.013804277000000005,0.017119865465019323
330,0.02059312,0.01743993214689804
331,0.014089134000000003,0.01446052407997717
332,0.013405676000000005,0.013973469003327696
333,0.015268574,0.013796369065789876
335,0.014239189000000003,0.01404895146617418
336,0.013375472999999995,0.014077071350743821
337,0.014726956,0.01324671230400648
338,0.013806323,0.013330295337820298
340,0.013188288,0.011931640088554536
341,0.011705566000000002,0.013227660662051364
342,0.012668126000000005,0.012359479090744339
343,0.011770691,0.012291344420729523
344,0.011986316,0.011329050541824849
345,0.009422798999999997,0.01188286542413958
346,0.012275790999999996,0.010838074327455293
347,0.011921188999999997,0.01239779845517735
348,0.015288011,0.011897012687686299
349,0.009933974000000002,0.011931792598394816
350,0.011599660999999999,0.011391759289405754
351,0.011992848000000006,0.012640609438226997
352,0.015246664000000007,0.013103864009103518
355,0.009850307999999997,0.01107437268742418
356,0.009408568999999997,0.01025122147186123
358,0.009857356000000001,0.009674514229512288
359,0.011316337999999997,0.009412524921869453
360,0.011026514999999997,0.01043406622010244
361,0.010984573,0.010829893239795831
362,0.009564541999999997,0.010918153897622062
363,0.013686928000000004,0.011888364959487186
364,0.010872541000000001,0.012529038825569001
365,0.014291602000000002,0.012456464686571968
366,0.019144433,0.014904617968388262
367,0.013286020999999999,0.015695221615959817
368,0.014809730000000004,0.015223182019916914
369,0.015420610999999997,0.01408160448515348
370,0.013598866999999997,0.014753344857433834
371,0.012569576999999997,0.013714381513376554
373,0.017026229,0.01362538610142126
374,0.014781835000000002,0.013273267908106394
375,0.013106379999999996,0.014505482311418046
376,0.019882564000000002,0.01536489905653347
378,0.022510661999999987,0.01971216390777529
379,0.019588000999999997,0.019302943622181278
380,0.017855489999999998,0.017808684835636416
381,0.016683071999999997,0.015678470417191667
382,0.017162462000000007,0.0166025862505919
383,0.013424366999999998,0.015240480578836904
384,0.014868822000000004,0.015287990876668092
385,0.014712288999999998,0.01573320426946595
387,0.014690716000000005,0.01474622178469107
388,0.013289990999999998,0.016881996483903407
389,0.014339368000000002,0.015909435594674344
390,0.014745981000000003,0.014013453302446358
392,0.011680063,0.013933686180185503
393,0.013442187999999999,0.012254163363615072
394,0.012984851000000006,0.013070975237074593
395,0.01600862499999999,0.014236323630532573
396,0.013332302999999995,0.01298483947764135
397,0.012368496,0.013394522274833287
398,0.013867837999999997,0.01225293361931429
399,0.013390713999999996,0.012875560210698654
400,0.012263365000000002,0.013289165085047143
401,0.009604060000000003,0.01254266643934538
404,0.013357064000000005,0.012283198382492618
406,0.010649147999999995,0.011960824338489877
407,0.013144392999999999,0.01176258513842746
408,0.013009529999999995,0.013776098788884915
409,0.013279493000000002,0.013746698065912458
411,0.013310135999999995,0.011741130950350351
412,0.011847249999999997,0.013639207364449553
413,0.011252266000000002,0.012050295684104716
414,0.010569733999999997,0.011826604688769816
415,0.012156054000000001,0.011592477164656048
416,0.010312331000000001,0.011858245701063098
417,0.010580308999999996,0.010898373412017595
418,0.011554613999999996,0.010486949450368092
419,0.013521231000000005,0.011415620151123941
420,0.013927171,0.01352359157877533
421,0.012076159,0.01305201091491484
422,0.011881755999999999,0.012771151379965344
423,0.010061415999999997,0.012567165493041143
425,0.013867007999999997,0.013474022829771892
426,0.015805305,0.0145220770614984
427,0.013159663000000004,0.015051937356527448
428,0.020017937000000003,0.014331374607379458
429,0.023848797000000005,0.018199521458675025
430,0.018200644000000005,0.018554090277708924
431,0.016811419999999997,0.017583684444084976
432,0.015467298000000004,0.01609958709659887
433,0.014463092000000006,0.015285780581460386
434,0.013952193000000003,0.015437915036660994
435,0.014038246999999997,0.014143246527547773
436,0.013038556999999997,0.013859064014424124
437,0.011985155000000004,0.0115181197977516
439,0.012800279999999999,0.012597421184720483
440,0.012090450999999995,0.013158686919984085
441,0.012036320000000003,0.01159412277651228
442,0.010331852000000002,0.011226300040963233
444,0.009902525000000002,0.011579535057138572
445,0.009252643999999997,0.010162323311281305
446,0.010611036999999997,0.010108279817466858
447,0.011870772,0.010366728729459188
448,0.009791904999999997,0.011117508789179671
449,0.009986041000000003,0.010889253489789884
450,0.010819746000000003,0.010615909510560472
451,0.009991608,0.011983121951836425
452,0.010860499000000001,0.011127952947683374
453,0.009636951999999997,0.011073564717334894
456,0.012161716000000001,0.01168849461135549
458,0.011807079999999998,0.011588563379069043
459,0.012719475000000001,0.013077400671837753
460,0.013010325000000003,0.012994075267224792
461,0.012997695999999996,0.01363777857109143
463,0.017924315000000003,0.013455593983783142
464,0.015445706000000003,0.01595253616556064
465,0.014198060000000007,0.01565175428880748
466,0.014962392999999996,0.014404921172762656
467,0.013553461000000001,0.01528921213901515
468,0.015516623999999998,0.013708375706797022
469,0.013652293999999995,0.014059104708752235
470,0.012396791999999997,0.013647519607158522
471,0.013458787,0.01354544211723035
472,0.015604062000000002,0.015596819705158253
473,0.014243490000000004,0.014963774189444286
474,0.015567531999999999,0.014961634091084305
475,0.017517597999999995,0.015786123086037
477,0.020079713000000003,0.016279106832607717
478,0.021729603999999996,0.018763001602643256
479,0.019411758,0.018039066093361106
480,0.019423946,0.017493745113837375
481,0.018895227000000004,0.01729482083069652
482,0.018255253000000006,0.017205096153014503
483,0.015358089000000005,0.017012464538995475
484,0.020801274,0.016852703054418522
485,0.02244044299999999,0.019867335224474227
486,0.019019782000000002,0.019781746586867696
487,0.019616348000000002,0.017772704620667497
488,0.014359824,0.017162273350551243
489,0.014894035999999994,0.014846797238895973
491,0.019226104999999997,0.017021786083625964
492,0.012445969999999999,0.014570314598447274
493,0.013326563999999997,0.014504028518360561
494,0.014288839999999997,0.014319732753419965
496,0.009683684000000003,0.012040721049844638
497,0.013522840000000003,0.01173979638758613
498,0.011700944000000001,0.011707508846314578
499,0.012060802000000002,0.012049627194090501
501,0.008009597999999998,0.01046448173602785
502,0.009994212000000002,0.0098694540564294
503,0.009384376,0.011854648365133029
504,0.011187452,0.010189941596622233
505,0.010315314999999999,0.010619081359557015
506,0.0074941320000000014,0.01009536281044078
507,0.009276999000000001,0.00998705974051743
508,0.009676608000000001,0.010976174578633287
511,0.009455644999999997,0.009457895038099835
512,0.009509134999999998,0.010181398026617309
513,0.009636445,0.010294470363317952
515,0.014189696,0.0122455079436731
516,0.013833913000000003,0.013277509316730276
517,0.017436374999999994,0.014209849411147859
518,0.012493732,0.015640331678789966
519,0.013945374000000005,0.013465954648567587
520,0.010727167999999995,0.013912151703768982
521,0.010460813000000001,0.012174052421914444
522,0.011392084999999998,0.012080833479671885
523,0.012384391,0.010938419345220753
524,0.013634909999999995,0.01273653673825324
525,0.016833291000000004,0.014833937361763217
526,0.017318957999999995,0.015944109889331176
527,0.02055098099999999,0.01901545562909233
529,0.021321486000000004,0.023254203103853673
530,0.020829790999999997,0.01845290348863139
531,0.016411796,0.016425279900535723
532,0.017210275000000008,0.018740029305536594
533,0.013717412000000003,0.017497726358148183
534,0.014839413999999995,0.01565875620533142
535,0.017059683000000006,0.015295499460314513
536,0.013843471000000005,0.01523860699775643
537,0.016754949000000005,0.015748118481464825
538,0.018956146000000004,0.0159912667615991
539,0.013397455000000006,0.014071126205317166
540,0.012972462000000002,0.014695753754452137
541,0.012770842999999997,0.013361419629234908
543,0.013182995999999999,0.013359818709216402
544,0.011366322000000003,0.013330164255958385
545,0.012025355000000001,0.01181901473671502
546,0.011395768000000002,0.012145425429920401
547,0.013166903999999995,0.011387514251181589
549,0.011325892000000006,0.011829277479341592
550,0.009836683000000004,0.01073238816827149
551,0.010773717,0.011589967679017944
553,0.010316254000000002,0.01052704327305306
554,0.010693942000000005,0.009683307681294778
555,0.010085688000000002,0.010148862645214878
556,0.012766681000000004,0.010766040794199907
557,0.010373662,0.012140706982067746
558,0.011040973000000003,0.011151852412935087
559,0.010369988,0.011412389701441168
560,0.012442102999999998,0.011825957125691188
561,0.011311063999999997,0.013297249808931344
563,0.013163024999999997,0.013858415141845746
564,0.011658422000000003,0.013993767925874949
565,0.011810204000000001,0.013597071932888581
567,0.013415004999999997,0.0132265848333965
568,0.014455927000000004,0.014099997406357487
569,0.01733431,0.014864934735666472
570,0.021336127000000003,0.01571427683904264
571,0.019259276,0.019637092032040646
572,0.016131802999999997,0.017290395060047207
573,0.013940444000000003,0.016439400428566626
574,0.015354079000000001,0.01408683420882691
575,0.016812305000000003,0.015002727919166512
576,0.014819053999999995,0.01652675068088419
577,0.012826244000000004,0.014813619659678496
578,0.01226947,0.01396745323445613
579,0.014172637999999996,0.013047864187983685
581,0.012590334000000005,0.01288291592919099
582,0.011639276,0.012486084682354816
583,0.011954899,0.011269227794207432
584,0.012216255999999995,0.012558747867058333
585,0.014948115000000005,0.012455128941128789
586,0.01689162199999999,0.01269614312700673
587,0.014229199999999996,0.014546516420342208
588,0.013445969000000006,0.013410035270024694
589,0.011250438999999997,0.013400734180389954
590,0.011763770999999996,0.012685775793550434
591,0.012398641,0.012121164458781671
592,0.013217297999999997,0.012481198601697139
593,0.010931886000000004,0.01261340448854596
594,0.012526386000000002,0.012716620430619505
596,0.013890961999999996,0.013292549321479247
597,0.014355018000000002,0.014188679558904866
598,0.017153807000000004,0.015140378992227045
599,0.01993700699999999,0.01607466941533839
601,0.014284246999999998,0.015949619894534323
602,0.015272654000000004,0.014114511300618617
603,0.015621257,0.015809702337532972
604,0.013874075000000003,0.015924754782641916
605,0.011802088000000004,0.014663967024102985
606,0.012411012000000004,0.01349156241424333
607,0.013614135,0.013449375755329987
608,0.015796965000000003,0.014300912202817744
609,0.015425760999999998,0.01563100121881849
610,0.014467397000000003,0.015377155961204337
611,0.015261102000000007,0.015624274853778439
612,0.016386451999999996,0.01661551615427264
613,0.021393016999999997,0.016468048720429958
615,0.018107712,0.017804707238004452
616,0.0158913,0.015618738080261037
617,0.015694077000000008,0.01419123066700581
619,0.013853818999999996,0.014688548406078986
620,0.013984372999999998,0.015257713485717231
621,0.012843966000000002,0.014456410091915672
622,0.011646402,0.014493082479145021
623,0.012496897000000002,0.013260108377713404
624,0.018661177000000008,0.013404035347943991
625,0.013448239000000002,0.012397146546327883
626,0.014712315999999996,0.014547441894779722
627,0.020467730000000003,0.014036893341609034
628,0.024351463000000004,0.017179707801031046
629,0.01963213699999999,0.02168228913017168
630,0.020276922000000003,0.018728926306853102
631,0.018336852,0.020812910985802957
632,0.018868770999999996,0.017327428361656117
634,0.018555383999999998,0.01817901689974719
635,0.01957461899999999,0.019169253538737878
636,0.015129859999999998,0.01855766910620917
637,0.021555488,0.01491697488797116
639,0.017117549999999992,0.01691514659248781
640,0.017077725000000002,0.016304574449105026
641,0.015549812999999996,0.016873435233151976
642,0.015053483000000003,0.017168142150094115
643,0.018394991999999995,0.01684419365037001
644,0.01537046,0.014991814579149634
645,0.013957536999999997,0.014209761517540968
646,0.013983156000000002,0.012747391227849259
648,0.013066570999999999,0.013995354428446932
649,0.011562735000000003,0.012713541622627363
650,0.013994117999999998,0.011993133632185446
651,0.012396415,0.014694577031817946
653,0.012050748,0.012578634649618187
654,0.013946080000000007,0.011744479109687398
655,0.013578798000000001,0.013883735928340695
656,0.016410724999999998,0.01254319727305498
657,0.013873184000000004,0.014284272415895525
658,0.013055675000000001,0.01372674262819443
659,0.017548328000000002,0.013097452441723039
660,0.013514476000000003,0.015811278095523205
661,0.014915502999999995,0.014179940242501332
662,0.013391652999999996,0.014858417463713074
663,0.014298922999999996,0.015193361792029266
664,0.013518998999999995,0.015204387086747453
665,0.013331985999999997,0.014640805690668246
667,0.018328380999999994,0.016477588572869382
668,0.017515564999999997,0.016776829182333374
669,0.020702784999999994,0.017099555171260848
670,0.017994044999999997,0.019684405060478694
672,0.041345368,0.025768362139862243
673,0.06492335299999999,0.048465014122419305
674,0.035773786999999994,0.035943249612536636
675,0.027397459,0.03335184292143273
676,0.031237397999999996,0.02583726357077805
677,0.023201509000000002,0.025518225799392686
678,0.02040693200000001,0.01891438384875037
679,0.018181875999999996,0.01817058222700554
680,0.016652109999999998,0.01878112464791872
681,0.021337571,0.0194539544826599
682,0.022907430999999995,0.02197099115221282
683,0.025988092,0.02350980684249454
684,0.025212428000000002,0.02428109727409157
686,0.021383282999999996,0.025511692919689823
687,0.018797420000000002,0.02167086894454098
689,0.028712138,0.023914396462300824
691,0.030920674999999998,0.02717181154965993
692,0.029374408999999997,0.02643651410396569
693,0.027252327000000007,0.024243727374290952
694,0.026397727,0.024352020802842454
695,0.020578124000000003,0.023122648204454168
696,0.024660194000000003,0.02011158931674392
697,0.022798217,0.021344818964425524
698,0.019312768,0.023337483257290084
700,0.020699035,0.022974711252196686
701,0.024740947999999995,0.021999126534852958
702,0.021609619999999996,0.023310830933942248
703,0.01977871,0.021815997214964022
705,0.017263053,0.01977545714284412
706,0.018306722,0.019100605288994342
707,0.021914155,0.018954888024171147
708,0.018381102,0.018053641068995173
709,0.018260526000000003,0.017779542096947737
710,0.014200024000000004,0.01819530680978291
711,0.014337373000000006,0.01560877938690127
712,0.017855692000000006,0.017745468481568393
713,0.016962748999999992,0.018296350425211647
714,0.017692146000000002,0.01668128866864529
717,0.014710509000000004,0.018085843032484242
719,0.014321963999999998,0.016358225226026386
720,0.016056215999999998,0.01673956889650093
721,0.015207038999999999,0.01508074266398987
722,0.012547833999999999,0.015951101572358274
724,0.014163774000000004,0.014762496672849755
725,0.015423939000000001,0.015187354643155035
726,0.014777728999999996,0.015818312416987668
727,0.019435161000000003,0.015631006009366864
728,0.016532905,0.017527207800239242
729,0.014421029999999996,0.016572780016635702
730,0.015803802000000006,0.01535488068140794
731,0.014813891,0.015303888420606794
732,0.017240096,0.016079630563940364
733,0.017389805000000005,0.01626172912166063
734,0.018519243999999997,0.016320159029475163
735,0.020264391,0.01757504886399164
736,0.018174014,0.018730593855670042
738,0.019598309999999997,0.018516123991606733
739,0.01926863,0.017549364998433504
741,0.022914265000000014,0.022156536462183855
742,0.020246696999999998,0.022307758615599416
743,0.022622967999999997,0.02190206788859258
744,0.030334014000000006,0.02399367465686493
745,0.027227662999999996,0.029417271106545136
746,0.025567973000000015,0.02463212002771212
747,0.019298957999999995,0.02178123386004941
748,0.01821788800000001,0.01799952406719326
749,0.016151102000000004,0.017197539187711445
750,0.015303211000000002,0.015743307092974744
752,0.015827662000000003,0.01589254772299404
753,0.014869293999999998,0.015665213106844295
754,0.021497922000000003,0.016593363904168445
755,0.017195421000000006,0.017646656830995068
757,0.017386082000000008,0.017437570997119144
758,0.017520197,0.01685556743117209
759,0.01344343,0.01716273525813076
760,0.015849124999999995,0.016302950552481318
761,0.015439550000000003,0.01572388555794348
762,0.014980684999999999,0.015332542165096791
763,0.014759399,0.015417160021817984
764,0.016726512,0.015363018327609392
765,0.015993978999999995,0.015981801140079962
766,0.014405835000000006,0.015182839832392875
769,0.014846820999999998,0.015671269899868098
771,0.012848314000000003,0.015157564431977796
772,0.01584577,0.014190648740599839
773,0.014155445000000003,0.014931611139154083
774,0.015080319000000005,0.015639928182770324
776,0.014374788000000006,0.01614236604483813
777,0.01729737,0.015388380087132763
778,0.015980653999999997,0.015897495306468275
779,0.016500565999999998,0.015644616029498185
780,0.016878971999999992,0.0159421377417092
781,0.017926714999999996,0.015939514219675235
782,0.015731082999999996,0.01732238051821358
783,0.01794199,0.016567521456304152
784,0.017605676999999993,0.018081354354693165
785,0.020696909000000003,0.018305819558880086
786,0.020978383999999992,0.01978457756980463
787,0.020682276999999985,0.02020348617986524
788,0.02062126,0.01908370488592716
790,0.017456866999999994,0.0187188362359435
791,0.015776003,0.01725660613131671
792,0.013798415999999999,0.017153809244090927
793,0.01739526200000001,0.016329435155839133
794,0.012566955999999997,0.016795486144226823
795,0.017249343000000004,0.014089216590643923
796,0.017850603999999996,0.01775315907455127
797,0.016974661000000002,0.017980065758485528
798,0.018807074,0.016904403018960595
799,0.017857484000000007,0.016707654547173774
800,0.016053783999999998,0.01712997997279263
801,0.013820457,0.01617128237536854
802,0.012933744999999995,0.015122158850883062
804,0.015592083999999996,0.014949331189251864
805,0.013312272999999994,0.01534531235331045
806,0.014442848999999999,0.014373266975576669
807,0.015425815999999998,0.01414282320840892
808,0.014478326000000001,0.015950241864153093
810,0.012272333999999996,0.014049991523847019
811,0.013923577999999995,0.012628776241108338
812,0.015934371000000003,0.013949239396355473
814,0.012313780999999996,0.01301191027203859
815,0.011768079,0.012800539171877687
816,0.011290386999999999,0.013258176884235525
817,0.010618936000000002,0.013021345462917392
818,0.012068515999999996,0.012759667646387508
819,0.010098186,0.01244441058819876
820,0.011487544,0.01135974064252249
821,0.012852464000000003,0.012688336284210393
822,0.011617758,0.013089740817535256
824,0.015715194000000002,0.01357676193138998
825,0.014973551999999994,0.014375632950925973
826,0.013984247999999994,0.014545145455528577
828,0.013522234999999999,0.013724539626407713
829,0.016973737000000003,0.014351384793769755
