n_selected,selection_method,selection_reused,test_dates,test_end,test_end_date,test_start,test_start_date,train_end,train_end_date,train_start,train_start_date,window_id,selected_feature
7,lasso,False,2015-01-12T00:00:00,261,2015-01-12T00:00:00,260,2015-01-12T00:00:00,260,2015-01-05T00:00:00,0,2009-04-20T00:00:00,0,DJIA_Index
7,lasso,False,2015-01-12T00:00:00,261,2015-01-12T00:00:00,260,2015-01-12T00:00:00,260,2015-01-05T00:00:00,0,2009-04-20T00:00:00,0,pdsi_extreme_wet_in_harvesting
7,lasso,False,2015-01-12T00:00:00,261,2015-01-12T00:00:00,260,2015-01-12T00:00:00,260,2015-01-05T00:00:00,0,2009-04-20T00:00:00,0,pdsi_severe_drought_in_planting
7,lasso,False,2015-01-12T00:00:00,261,2015-01-12T00:00:00,260,2015-01-12T00:00:00,260,2015-01-05T00:00:00,0,2009-04-20T00:00:00,0,ssta_lanina
7,lasso,False,2015-01-12T00:00:00,261,2015-01-12T00:00:00,260,2015-01-12T00:00:00,260,2015-01-05T00:00:00,0,2009-04-20T00:00:00,0,wheat_monthly_rv
7,lasso,False,2015-01-12T00:00:00,261,2015-01-12T00:00:00,260,2015-01-12T00:00:00,260,2015-01-05T00:00:00,0,2009-04-20T00:00:00,0,wheat_seasonal_rv
7,lasso,False,2015-01-12T00:00:00,261,2015-01-12T00:00:00,260,2015-01-12T00:00:00,260,2015-01-05T00:00:00,0,2009-04-20T00:00:00,0,wheat_weekly_rv
7,lasso,True,2015-03-23T00:00:00,269,2015-03-23T00:00:00,268,2015-03-23T00:00:00,268,2015-03-16T00:00:00,0,2009-04-20T00:00:00,1,DJIA_Index
7,lasso,True,2015-03-23T00:00:00,269,2015-03-23T00:00:00,268,2015-03-23T00:00:00,268,2015-03-16T00:00:00,0,2009-04-20T00:00:00,1,pdsi_extreme_wet_in_harvesting
7,lasso,True,2015-03-23T00:00:00,269,2015-03-23T00:00:00,268,2015-03-23T00:00:00,268,2015-03-16T00:00:00,0,2009-04-20T00:00:00,1,pdsi_severe_drought_in_planting
7,lasso,True,2015-03-23T00:00:00,269,2015-03-23T00:00:00,268,2015-03-23T00:00:00,268,2015-03-16T00:00:00,0,2009-04-20T00:00:00,1,ssta_lanina
7,lasso,True,2015-03-23T00:00:00,269,2015-03-23T00:00:00,268,2015-03-23T00:00:00,268,2015-03-16T00:00:00,0,2009-04-20T00:00:00,1,wheat_monthly_rv
7,lasso,True,2015-03-23T00:00:00,269,2015-03-23T00:00:00,268,2015-03-23T00:00:00,268,2015-03-16T00:00:00,0,2009-04-20T00:00:00,1,wheat_seasonal_rv
7,lasso,True,2015-03-23T00:00:00,269,2015-03-23T00:00:00,268,2015-03-23T00:00:00,268,2015-03-16T00:00:00,0,2009-04-20T00:00:00,1,wheat_weekly_rv
7,lasso,True,2015-05-18T00:00:00,277,2015-05-18T00:00:00,276,2015-05-18T00:00:00,276,2015-05-11T00:00:00,0,2009-04-20T00:00:00,2,DJIA_Index
7,lasso,True,2015-05-18T00:00:00,277,2015-05-18T00:00:00,276,2015-05-18T00:00:00,276,2015-05-11T00:00:00,0,2009-04-20T00:00:00,2,pdsi_extreme_wet_in_harvesting
7,lasso,True,2015-05-18T00:00:00,277,2015-05-18T00:00:00,276,2015-05-18T00:00:00,276,2015-05-11T00:00:00,0,2009-04-20T00:00:00,2,pdsi_severe_drought_in_planting
7,lasso,True,2015-05-18T00:00:00,277,2015-05-18T00:00:00,276,2015-05-18T00:00:00,276,2015-05-11T00:00:00,0,2009-04-20T00:00:00,2,ssta_lanina
7,lasso,True,2015-05-18T00:00:00,277,2015-05-18T00:00:00,276,2015-05-18T00:00:00,276,2015-05-11T00:00:00,0,2009-04-20T00:00:00,2,wheat_monthly_rv
7,lasso,True,2015-05-18T00:00:00,277,2015-05-18T00:00:00,276,2015-05-18T00:00:00,276,2015-05-11T00:00:00,0,2009-04-20T00:00:00,2,wheat_seasonal_rv
7,lasso,True,2015-05-18T00:00:00,277,2015-05-18T00:00:00,276,2015-05-18T00:00:00,276,2015-05-11T00:00:00,0,2009-04-20T00:00:00,2,wheat_weekly_rv
7,lasso,True,2015-07-20T00:00:00,285,2015-07-20T00:00:00,284,2015-07-20T00:00:00,284,2015-07-13T00:00:00,0,2009-04-20T00:00:00,3,DJIA_Index
7,lasso,True,2015-07-20T00:00:00,285,2015-07-20T00:00:00,284,2015-07-20T00:00:00,284,2015-07-13T00:00:00,0,2009-04-20T00:00:00,3,pdsi_extreme_wet_in_harvesting
7,lasso,True,2015-07-20T00:00:00,285,2015-07-20T00:00:00,284,2015-07-20T00:00:00,284,2015-07-13T00:00:00,0,2009-04-20T00:00:00,3,pdsi_severe_drought_in_planting
7,lasso,True,2015-07-20T00:00:00,285,2015-07-20T00:00:00,284,2015-07-20T00:00:00,284,2015-07-13T00:00:00,0,2009-04-20T00:00:00,3,ssta_lanina
7,lasso,True,2015-07-20T00:00:00,285,2015-07-20T00:00:00,284,2015-07-20T00:00:00,284,2015-07-13T00:00:00,0,2009-04-20T00:00:00,3,wheat_monthly_rv
7,lasso,True,2015-07-20T00:00:00,285,2015-07-20T00:00:00,284,2015-07-20T00:00:00,284,2015-07-13T00:00:00,0,2009-04-20T00:00:00,3,wheat_seasonal_rv
7,lasso,True,2015-07-20T00:00:00,285,2015-07-20T00:00:00,284,2015-07-20T00:00:00,284,2015-07-13T00:00:00,0,2009-04-20T00:00:00,3,wheat_weekly_rv
4,lasso,False,2015-09-21T00:00:00,293,2015-09-21T00:00:00,292,2015-09-21T00:00:00,292,2015-09-14T00:00:00,0,2009-04-20T00:00:00,4,DJIA_Index
4,lasso,False,2015-09-21T00:00:00,293,2015-09-21T00:00:00,292,2015-09-21T00:00:00,292,2015-09-14T00:00:00,0,2009-04-20T00:00:00,4,wheat_monthly_rv
4,lasso,False,2015-09-21T00:00:00,293,2015-09-21T00:00:00,292,2015-09-21T00:00:00,292,2015-09-14T00:00:00,0,2009-04-20T00:00:00,4,wheat_seasonal_rv
4,lasso,False,2015-09-21T00:00:00,293,2015-09-21T00:00:00,292,2015-09-21T00:00:00,292,2015-09-14T00:00:00,0,2009-04-20T00:00:00,4,wheat_weekly_rv
4,lasso,True,2015-11-23T00:00:00,301,2015-11-23T00:00:00,300,2015-11-23T00:00:00,300,2015-11-16T00:00:00,0,2009-04-20T00:00:00,5,DJIA_Index
4,lasso,True,2015-11-23T00:00:00,301,2015-11-23T00:00:00,300,2015-11-23T00:00:00,300,2015-11-16T00:00:00,0,2009-04-20T00:00:00,5,wheat_monthly_rv
4,lasso,True,2015-11-23T00:00:00,301,2015-11-23T00:00:00,300,2015-11-23T00:00:00,300,2015-11-16T00:00:00,0,2009-04-20T00:00:00,5,wheat_seasonal_rv
4,lasso,True,2015-11-23T00:00:00,301,2015-11-23T00:00:00,300,2015-11-23T00:00:00,300,2015-11-16T00:00:00,0,2009-04-20T00:00:00,5,wheat_weekly_rv
4,lasso,True,2016-02-01T00:00:00,309,2016-02-01T00:00:00,308,2016-02-01T00:00:00,308,2016-01-11T00:00:00,0,2009-04-20T00:00:00,6,DJIA_Index
4,lasso,True,2016-02-01T00:00:00,309,2016-02-01T00:00:00,308,2016-02-01T00:00:00,308,2016-01-11T00:00:00,0,2009-04-20T00:00:00,6,wheat_monthly_rv
4,lasso,True,2016-02-01T00:00:00,309,2016-02-01T00:00:00,308,2016-02-01T00:00:00,308,2016-01-11T00:00:00,0,2009-04-20T00:00:00,6,wheat_seasonal_rv
4,lasso,True,2016-02-01T00:00:00,309,2016-02-01T00:00:00,308,2016-02-01T00:00:00,308,2016-01-11T00:00:00,0,2009-04-20T00:00:00,6,wheat_weekly_rv
4,lasso,True,2016-04-04T00:00:00,317,2016-04-04T00:00:00,316,2016-04-04T00:00:00,316,2016-03-28T00:00:00,0,2009-04-20T00:00:00,7,DJIA_Index
4,lasso,True,2016-04-04T00:00:00,317,2016-04-04T00:00:00,316,2016-04-04T00:00:00,316,2016-03-28T00:00:00,0,2009-04-20T00:00:00,7,wheat_monthly_rv
4,lasso,True,2016-04-04T00:00:00,317,2016-04-04T00:00:00,316,2016-04-04T00:00:00,316,2016-03-28T00:00:00,0,2009-04-20T00:00:00,7,wheat_seasonal_rv
4,lasso,True,2016-04-04T00:00:00,317,2016-04-04T00:00:00,316,2016-04-04T00:00:00,316,2016-03-28T00:00:00,0,2009-04-20T00:00:00,7,wheat_weekly_rv
4,lasso,False,2016-06-06T00:00:00,325,2016-06-06T00:00:00,324,2016-06-06T00:00:00,324,2016-05-23T00:00:00,0,2009-04-20T00:00:00,8,DJIA_Index
4,lasso,False,2016-06-06T00:00:00,325,2016-06-06T00:00:00,324,2016-06-06T00:00:00,324,2016-05-23T00:00:00,0,2009-04-20T00:00:00,8,wheat_monthly_rv
4,lasso,False,2016-06-06T00:00:00,325,2016-06-06T00:00:00,324,2016-06-06T00:00:00,324,2016-05-23T00:00:00,0,2009-04-20T00:00:00,8,wheat_seasonal_rv
4,lasso,False,2016-06-06T00:00:00,325,2016-06-06T00:00:00,324,2016-06-06T00:00:00,324,2016-05-23T00:00:00,0,2009-04-20T00:00:00,8,wheat_weekly_rv
4,lasso,True,2016-08-08T00:00:00,333,2016-08-08T00:00:00,332,2016-08-08T00:00:00,332,2016-08-01T00:00:00,0,2009-04-20T00:00:00,9,DJIA_Index
4,lasso,True,2016-08-08T00:00:00,333,2016-08-08T00:00:00,332,2016-08-08T00:00:00,332,2016-08-01T00:00:00,0,2009-04-20T00:00:00,9,wheat_monthly_rv
4,lasso,True,2016-08-08T00:00:00,333,2016-08-08T00:00:00,332,2016-08-08T00:00:00,332,2016-08-01T00:00:00,0,2009-04-20T00:00:00,9,wheat_seasonal_rv
4,lasso,True,2016-08-08T00:00:00,333,2016-08-08T00:00:00,332,2016-08-08T00:00:00,332,2016-08-01T00:00:00,0,2009-04-20T00:00:00,9,wheat_weekly_rv
4,lasso,True,2016-10-17T00:00:00,341,2016-10-17T00:00:00,340,2016-10-17T00:00:00,340,2016-10-03T00:00:00,0,2009-04-20T00:00:00,10,DJIA_Index
4,lasso,True,2016-10-17T00:00:00,341,2016-10-17T00:00:00,340,2016-10-17T00:00:00,340,2016-10-03T00:00:00,0,2009-04-20T00:00:00,10,wheat_monthly_rv
4,lasso,True,2016-10-17T00:00:00,341,2016-10-17T00:00:00,340,2016-10-17T00:00:00,340,2016-10-03T00:00:00,0,2009-04-20T00:00:00,10,wheat_seasonal_rv
4,lasso,True,2016-10-17T00:00:00,341,2016-10-17T00:00:00,340,2016-10-17T00:00:00,340,2016-10-03T00:00:00,0,2009-04-20T00:00:00,10,wheat_weekly_rv
4,lasso,True,2016-12-12T00:00:00,349,2016-12-12T00:00:00,348,2016-12-12T00:00:00,348,2016-12-05T00:00:00,0,2009-04-20T00:00:00,11,DJIA_Index
4,lasso,True,2016-12-12T00:00:00,349,2016-12-12T00:00:00,348,2016-12-12T00:00:00,348,2016-12-05T00:00:00,0,2009-04-20T00:00:00,11,wheat_monthly_rv
4,lasso,True,2016-12-12T00:00:00,349,2016-12-12T00:00:00,348,2016-12-12T00:00:00,348,2016-12-05T00:00:00,0,2009-04-20T00:00:00,11,wheat_seasonal_rv
4,lasso,True,2016-12-12T00:00:00,349,2016-12-12T00:00:00,348,2016-12-12T00:00:00,348,2016-12-05T00:00:00,0,2009-04-20T00:00:00,11,wheat_weekly_rv
19,lasso,False,2017-03-06T00:00:00,357,2017-03-06T00:00:00,356,2017-03-06T00:00:00,356,2017-02-27T00:00:00,0,2009-04-20T00:00:00,12,DJIA_Index
19,lasso,False,2017-03-06T00:00:00,357,2017-03-06T00:00:00,356,2017-03-06T00:00:00,356,2017-02-27T00:00:00,0,2009-04-20T00:00:00,12,SOI_index
19,lasso,False,2017-03-06T00:00:00,357,2017-03-06T00:00:00,356,2017-03-06T00:00:00,356,2017-02-27T00:00:00,0,2009-04-20T00:00:00,12,Text_Climate_Anomaly
19,lasso,False,2017-03-06T00:00:00,357,2017-03-06T00:00:00,356,2017-03-06T00:00:00,356,2017-02-27T00:00:00,0,2009-04-20T00:00:00,12,WTI_Index
19,lasso,False,2017-03-06T00:00:00,357,2017-03-06T00:00:00,356,2017-03-06T00:00:00,356,2017-02-27T00:00:00,0,2009-04-20T00:00:00,12,awnd_extreme_high_wind_in_harvesting
19,lasso,False,2017-03-06T00:00:00,357,2017-03-06T00:00:00,356,2017-03-06T00:00:00,356,2017-02-27T00:00:00,0,2009-04-20T00:00:00,12,epu_index
19,lasso,False,2017-03-06T00:00:00,357,2017-03-06T00:00:00,356,2017-03-06T00:00:00,356,2017-02-27T00:00:00,0,2009-04-20T00:00:00,12,pdsi_extreme_drought_in_harvesting
19,lasso,False,2017-03-06T00:00:00,357,2017-03-06T00:00:00,356,2017-03-06T00:00:00,356,2017-02-27T00:00:00,0,2009-04-20T00:00:00,12,pdsi_extreme_drought_in_planting
19,lasso,False,2017-03-06T00:00:00,357,2017-03-06T00:00:00,356,2017-03-06T00:00:00,356,2017-02-27T00:00:00,0,2009-04-20T00:00:00,12,pdsi_extreme_wet_in_harvesting
19,lasso,False,2017-03-06T00:00:00,357,2017-03-06T00:00:00,356,2017-03-06T00:00:00,356,2017-02-27T00:00:00,0,2009-04-20T00:00:00,12,pdsi_severe_drought_in_planting
19,lasso,False,2017-03-06T00:00:00,357,2017-03-06T00:00:00,356,2017-03-06T00:00:00,356,2017-02-27T00:00:00,0,2009-04-20T00:00:00,12,spi_7d_extreme_dry_in_planting
19,lasso,False,2017-03-06T00:00:00,357,2017-03-06T00:00:00,356,2017-03-06T00:00:00,356,2017-02-27T00:00:00,0,2009-04-20T00:00:00,12,spi_7d_extreme_wet_in_harvesting
19,lasso,False,2017-03-06T00:00:00,357,2017-03-06T00:00:00,356,2017-03-06T00:00:00,356,2017-02-27T00:00:00,0,2009-04-20T00:00:00,12,ssta_elino
19,lasso,False,2017-03-06T00:00:00,357,2017-03-06T00:00:00,356,2017-03-06T00:00:00,356,2017-02-27T00:00:00,0,2009-04-20T00:00:00,12,ssta_lanina
19,lasso,False,2017-03-06T00:00:00,357,2017-03-06T00:00:00,356,2017-03-06T00:00:00,356,2017-02-27T00:00:00,0,2009-04-20T00:00:00,12,tmax_hot_in_planting
19,lasso,False,2017-03-06T00:00:00,357,2017-03-06T00:00:00,356,2017-03-06T00:00:00,356,2017-02-27T00:00:00,0,2009-04-20T00:00:00,12,tmin_cold_in_harvesting
19,lasso,False,2017-03-06T00:00:00,357,2017-03-06T00:00:00,356,2017-03-06T00:00:00,356,2017-02-27T00:00:00,0,2009-04-20T00:00:00,12,wheat_monthly_rv
19,lasso,False,2017-03-06T00:00:00,357,2017-03-06T00:00:00,356,2017-03-06T00:00:00,356,2017-02-27T00:00:00,0,2009-04-20T00:00:00,12,wheat_seasonal_rv
19,lasso,False,2017-03-06T00:00:00,357,2017-03-06T00:00:00,356,2017-03-06T00:00:00,356,2017-02-27T00:00:00,0,2009-04-20T00:00:00,12,wheat_weekly_rv
19,lasso,True,2017-05-01T00:00:00,365,2017-05-01T00:00:00,364,2017-05-01T00:00:00,364,2017-04-24T00:00:00,0,2009-04-20T00:00:00,13,DJIA_Index
19,lasso,True,2017-05-01T00:00:00,365,2017-05-01T00:00:00,364,2017-05-01T00:00:00,364,2017-04-24T00:00:00,0,2009-04-20T00:00:00,13,SOI_index
19,lasso,True,2017-05-01T00:00:00,365,2017-05-01T00:00:00,364,2017-05-01T00:00:00,364,2017-04-24T00:00:00,0,2009-04-20T00:00:00,13,Text_Climate_Anomaly
19,lasso,True,2017-05-01T00:00:00,365,2017-05-01T00:00:00,364,2017-05-01T00:00:00,364,2017-04-24T00:00:00,0,2009-04-20T00:00:00,13,WTI_Index
19,lasso,True,2017-05-01T00:00:00,365,2017-05-01T00:00:00,364,2017-05-01T00:00:00,364,2017-04-24T00:00:00,0,2009-04-20T00:00:00,13,awnd_extreme_high_wind_in_harvesting
19,lasso,True,2017-05-01T00:00:00,365,2017-05-01T00:00:00,364,2017-05-01T00:00:00,364,2017-04-24T00:00:00,0,2009-04-20T00:00:00,13,epu_index
19,lasso,True,2017-05-01T00:00:00,365,2017-05-01T00:00:00,364,2017-05-01T00:00:00,364,2017-04-24T00:00:00,0,2009-04-20T00:00:00,13,pdsi_extreme_drought_in_harvesting
19,lasso,True,2017-05-01T00:00:00,365,2017-05-01T00:00:00,364,2017-05-01T00:00:00,364,2017-04-24T00:00:00,0,2009-04-20T00:00:00,13,pdsi_extreme_drought_in_planting
19,lasso,True,2017-05-01T00:00:00,365,2017-05-01T00:00:00,364,2017-05-01T00:00:00,364,2017-04-24T00:00:00,0,2009-04-20T00:00:00,13,pdsi_extreme_wet_in_harvesting
19,lasso,True,2017-05-01T00:00:00,365,2017-05-01T00:00:00,364,2017-05-01T00:00:00,364,2017-04-24T00:00:00,0,2009-04-20T00:00:00,13,pdsi_severe_drought_in_planting
19,lasso,True,2017-05-01T00:00:00,365,2017-05-01T00:00:00,364,2017-05-01T00:00:00,364,2017-04-24T00:00:00,0,2009-04-20T00:00:00,13,spi_7d_extreme_dry_in_planting
19,lasso,True,2017-05-01T00:00:00,365,2017-05-01T00:00:00,364,2017-05-01T00:00:00,364,2017-04-24T00:00:00,0,2009-04-20T00:00:00,13,spi_7d_extreme_wet_in_harvesting
19,lasso,True,2017-05-01T00:00:00,365,2017-05-01T00:00:00,364,2017-05-01T00:00:00,364,2017-04-24T00:00:00,0,2009-04-20T00:00:00,13,ssta_elino
19,lasso,True,2017-05-01T00:00:00,365,2017-05-01T00:00:00,364,2017-05-01T00:00:00,364,2017-04-24T00:00:00,0,2009-04-20T00:00:00,13,ssta_lanina
19,lasso,True,2017-05-01T00:00:00,365,2017-05-01T00:00:00,364,2017-05-01T00:00:00,364,2017-04-24T00:00:00,0,2009-04-20T00:00:00,13,tmax_hot_in_planting
19,lasso,True,2017-05-01T00:00:00,365,2017-05-01T00:00:00,364,2017-05-01T00:00:00,364,2017-04-24T00:00:00,0,2009-04-20T00:00:00,13,tmin_cold_in_harvesting
19,lasso,True,2017-05-01T00:00:00,365,2017-05-01T00:00:00,364,2017-05-01T00:00:00,364,2017-04-24T00:00:00,0,2009-04-20T00:00:00,13,wheat_monthly_rv
19,lasso,True,2017-05-01T00:00:00,365,2017-05-01T00:00:00,364,2017-05-01T00:00:00,364,2017-04-24T00:00:00,0,2009-04-20T00:00:00,13,wheat_seasonal_rv
19,lasso,True,2017-05-01T00:00:00,365,2017-05-01T00:00:00,364,2017-05-01T00:00:00,364,2017-04-24T00:00:00,0,2009-04-20T00:00:00,13,wheat_weekly_rv
19,lasso,True,2017-07-03T00:00:00,373,2017-07-03T00:00:00,372,2017-07-03T00:00:00,372,2017-06-26T00:00:00,0,2009-04-20T00:00:00,14,DJIA_Index
19,lasso,True,2017-07-03T00:00:00,373,2017-07-03T00:00:00,372,2017-07-03T00:00:00,372,2017-06-26T00:00:00,0,2009-04-20T00:00:00,14,SOI_index
19,lasso,True,2017-07-03T00:00:00,373,2017-07-03T00:00:00,372,2017-07-03T00:00:00,372,2017-06-26T00:00:00,0,2009-04-20T00:00:00,14,Text_Climate_Anomaly
19,lasso,True,2017-07-03T00:00:00,373,2017-07-03T00:00:00,372,2017-07-03T00:00:00,372,2017-06-26T00:00:00,0,2009-04-20T00:00:00,14,WTI_Index
19,lasso,True,2017-07-03T00:00:00,373,2017-07-03T00:00:00,372,2017-07-03T00:00:00,372,2017-06-26T00:00:00,0,2009-04-20T00:00:00,14,awnd_extreme_high_wind_in_harvesting
19,lasso,True,2017-07-03T00:00:00,373,2017-07-03T00:00:00,372,2017-07-03T00:00:00,372,2017-06-26T00:00:00,0,2009-04-20T00:00:00,14,epu_index
19,lasso,True,2017-07-03T00:00:00,373,2017-07-03T00:00:00,372,2017-07-03T00:00:00,372,2017-06-26T00:00:00,0,2009-04-20T00:00:00,14,pdsi_extreme_drought_in_harvesting
19,lasso,True,2017-07-03T00:00:00,373,2017-07-03T00:00:00,372,2017-07-03T00:00:00,372,2017-06-26T00:00:00,0,2009-04-20T00:00:00,14,pdsi_extreme_drought_in_planting
19,lasso,True,2017-07-03T00:00:00,373,2017-07-03T00:00:00,372,2017-07-03T00:00:00,372,2017-06-26T00:00:00,0,2009-04-20T00:00:00,14,pdsi_extreme_wet_in_harvesting
19,lasso,True,2017-07-03T00:00:00,373,2017-07-03T00:00:00,372,2017-07-03T00:00:00,372,2017-06-26T00:00:00,0,2009-04-20T00:00:00,14,pdsi_severe_drought_in_planting
19,lasso,True,2017-07-03T00:00:00,373,2017-07-03T00:00:00,372,2017-07-03T00:00:00,372,2017-06-26T00:00:00,0,2009-04-20T00:00:00,14,spi_7d_extreme_dry_in_planting
19,lasso,True,2017-07-03T00:00:00,373,2017-07-03T00:00:00,372,2017-07-03T00:00:00,372,2017-06-26T00:00:00,0,2009-04-20T00:00:00,14,spi_7d_extreme_wet_in_harvesting
19,lasso,True,2017-07-03T00:00:00,373,2017-07-03T00:00:00,372,2017-07-03T00:00:00,372,2017-06-26T00:00:00,0,2009-04-20T00:00:00,14,ssta_elino
19,lasso,True,2017-07-03T00:00:00,373,2017-07-03T00:00:00,372,2017-07-03T00:00:00,372,2017-06-26T00:00:00,0,2009-04-20T00:00:00,14,ssta_lanina
19,lasso,True,2017-07-03T00:00:00,373,2017-07-03T00:00:00,372,2017-07-03T00:00:00,372,2017-06-26T00:00:00,0,2009-04-20T00:00:00,14,tmax_hot_in_planting
19,lasso,True,2017-07-03T00:00:00,373,2017-07-03T00:00:00,372,2017-07-03T00:00:00,372,2017-06-26T00:00:00,0,2009-04-20T00:00:00,14,tmin_cold_in_harvesting
19,lasso,True,2017-07-03T00:00:00,373,2017-07-03T00:00:00,372,2017-07-03T00:00:00,372,2017-06-26T00:00:00,0,2009-04-20T00:00:00,14,wheat_monthly_rv
19,lasso,True,2017-07-03T00:00:00,373,2017-07-03T00:00:00,372,2017-07-03T00:00:00,372,2017-06-26T00:00:00,0,2009-04-20T00:00:00,14,wheat_seasonal_rv
19,lasso,True,2017-07-03T00:00:00,373,2017-07-03T00:00:00,372,2017-07-03T00:00:00,372,2017-06-26T00:00:00,0,2009-04-20T00:00:00,14,wheat_weekly_rv
19,lasso,True,2017-08-28T00:00:00,381,2017-08-28T00:00:00,380,2017-08-28T00:00:00,380,2017-08-21T00:00:00,0,2009-04-20T00:00:00,15,DJIA_Index
19,lasso,True,2017-08-28T00:00:00,381,2017-08-28T00:00:00,380,2017-08-28T00:00:00,380,2017-08-21T00:00:00,0,2009-04-20T00:00:00,15,SOI_index
19,lasso,True,2017-08-28T00:00:00,381,2017-08-28T00:00:00,380,2017-08-28T00:00:00,380,2017-08-21T00:00:00,0,2009-04-20T00:00:00,15,Text_Climate_Anomaly
19,lasso,True,2017-08-28T00:00:00,381,2017-08-28T00:00:00,380,2017-08-28T00:00:00,380,2017-08-21T00:00:00,0,2009-04-20T00:00:00,15,WTI_Index
19,lasso,True,2017-08-28T00:00:00,381,2017-08-28T00:00:00,380,2017-08-28T00:00:00,380,2017-08-21T00:00:00,0,2009-04-20T00:00:00,15,awnd_extreme_high_wind_in_harvesting
19,lasso,True,2017-08-28T00:00:00,381,2017-08-28T00:00:00,380,2017-08-28T00:00:00,380,2017-08-21T00:00:00,0,2009-04-20T00:00:00,15,epu_index
19,lasso,True,2017-08-28T00:00:00,381,2017-08-28T00:00:00,380,2017-08-28T00:00:00,380,2017-08-21T00:00:00,0,2009-04-20T00:00:00,15,pdsi_extreme_drought_in_harvesting
19,lasso,True,2017-08-28T00:00:00,381,2017-08-28T00:00:00,380,2017-08-28T00:00:00,380,2017-08-21T00:00:00,0,2009-04-20T00:00:00,15,pdsi_extreme_drought_in_planting
19,lasso,True,2017-08-28T00:00:00,381,2017-08-28T00:00:00,380,2017-08-28T00:00:00,380,2017-08-21T00:00:00,0,2009-04-20T00:00:00,15,pdsi_extreme_wet_in_harvesting
19,lasso,True,2017-08-28T00:00:00,381,2017-08-28T00:00:00,380,2017-08-28T00:00:00,380,2017-08-21T00:00:00,0,2009-04-20T00:00:00,15,pdsi_severe_drought_in_planting
19,lasso,True,2017-08-28T00:00:00,381,2017-08-28T00:00:00,380,2017-08-28T00:00:00,380,2017-08-21T00:00:00,0,2009-04-20T00:00:00,15,spi_7d_extreme_dry_in_planting
19,lasso,True,2017-08-28T00:00:00,381,2017-08-28T00:00:00,380,2017-08-28T00:00:00,380,2017-08-21T00:00:00,0,2009-04-20T00:00:00,15,spi_7d_extreme_wet_in_harvesting
19,lasso,True,2017-08-28T00:00:00,381,2017-08-28T00:00:00,380,2017-08-28T00:00:00,380,2017-08-21T00:00:00,0,2009-04-20T00:00:00,15,ssta_elino
19,lasso,True,2017-08-28T00:00:00,381,2017-08-28T00:00:00,380,2017-08-28T00:00:00,380,2017-08-21T00:00:00,0,2009-04-20T00:00:00,15,ssta_lanina
19,lasso,True,2017-08-28T00:00:00,381,2017-08-28T00:00:00,380,2017-08-28T00:00:00,380,2017-08-21T00:00:00,0,2009-04-20T00:00:00,15,tmax_hot_in_planting
19,lasso,True,2017-08-28T00:00:00,381,2017-08-28T00:00:00,380,2017-08-28T00:00:00,380,2017-08-21T00:00:00,0,2009-04-20T00:00:00,15,tmin_cold_in_harvesting
19,lasso,True,2017-08-28T00:00:00,381,2017-08-28T00:00:00,380,2017-08-28T00:00:00,380,2017-08-21T00:00:00,0,2009-04-20T00:00:00,15,wheat_monthly_rv
19,lasso,True,2017-08-28T00:00:00,381,2017-08-28T00:00:00,380,2017-08-28T00:00:00,380,2017-08-21T00:00:00,0,2009-04-20T00:00:00,15,wheat_seasonal_rv
19,lasso,True,2017-08-28T00:00:00,381,2017-08-28T00:00:00,380,2017-08-28T00:00:00,380,2017-08-21T00:00:00,0,2009-04-20T00:00:00,15,wheat_weekly_rv
8,lasso,False,2017-11-06T00:00:00,389,2017-11-06T00:00:00,388,2017-11-06T00:00:00,388,2017-10-30T00:00:00,0,2009-04-20T00:00:00,16,DJIA_Index
8,lasso,False,2017-11-06T00:00:00,389,2017-11-06T00:00:00,388,2017-11-06T00:00:00,388,2017-10-30T00:00:00,0,2009-04-20T00:00:00,16,pdsi_extreme_drought_in_harvesting
8,lasso,False,2017-11-06T00:00:00,389,2017-11-06T00:00:00,388,2017-11-06T00:00:00,388,2017-10-30T00:00:00,0,2009-04-20T00:00:00,16,pdsi_extreme_drought_in_planting
8,lasso,False,2017-11-06T00:00:00,389,2017-11-06T00:00:00,388,2017-11-06T00:00:00,388,2017-10-30T00:00:00,0,2009-04-20T00:00:00,16,pdsi_extreme_wet_in_harvesting
8,lasso,False,2017-11-06T00:00:00,389,2017-11-06T00:00:00,388,2017-11-06T00:00:00,388,2017-10-30T00:00:00,0,2009-04-20T00:00:00,16,ssta_lanina
8,lasso,False,2017-11-06T00:00:00,389,2017-11-06T00:00:00,388,2017-11-06T00:00:00,388,2017-10-30T00:00:00,0,2009-04-20T00:00:00,16,wheat_monthly_rv
8,lasso,False,2017-11-06T00:00:00,389,2017-11-06T00:00:00,388,2017-11-06T00:00:00,388,2017-10-30T00:00:00,0,2009-04-20T00:00:00,16,wheat_seasonal_rv
8,lasso,False,2017-11-06T00:00:00,389,2017-11-06T00:00:00,388,2017-11-06T00:00:00,388,2017-10-30T00:00:00,0,2009-04-20T00:00:00,16,wheat_weekly_rv
8,lasso,True,2018-01-22T00:00:00,397,2018-01-22T00:00:00,396,2018-01-22T00:00:00,396,2018-01-08T00:00:00,0,2009-04-20T00:00:00,17,DJIA_Index
8,lasso,True,2018-01-22T00:00:00,397,2018-01-22T00:00:00,396,2018-01-22T00:00:00,396,2018-01-08T00:00:00,0,2009-04-20T00:00:00,17,pdsi_extreme_drought_in_harvesting
8,lasso,True,2018-01-22T00:00:00,397,2018-01-22T00:00:00,396,2018-01-22T00:00:00,396,2018-01-08T00:00:00,0,2009-04-20T00:00:00,17,pdsi_extreme_drought_in_planting
8,lasso,True,2018-01-22T00:00:00,397,2018-01-22T00:00:00,396,2018-01-22T00:00:00,396,2018-01-08T00:00:00,0,2009-04-20T00:00:00,17,pdsi_extreme_wet_in_harvesting
8,lasso,True,2018-01-22T00:00:00,397,2018-01-22T00:00:00,396,2018-01-22T00:00:00,396,2018-01-08T00:00:00,0,2009-04-20T00:00:00,17,ssta_lanina
8,lasso,True,2018-01-22T00:00:00,397,2018-01-22T00:00:00,396,2018-01-22T00:00:00,396,2018-01-08T00:00:00,0,2009-04-20T00:00:00,17,wheat_monthly_rv
8,lasso,True,2018-01-22T00:00:00,397,2018-01-22T00:00:00,396,2018-01-22T00:00:00,396,2018-01-08T00:00:00,0,2009-04-20T00:00:00,17,wheat_seasonal_rv
8,lasso,True,2018-01-22T00:00:00,397,2018-01-22T00:00:00,396,2018-01-22T00:00:00,396,2018-01-08T00:00:00,0,2009-04-20T00:00:00,17,wheat_weekly_rv
8,lasso,True,2018-03-26T00:00:00,405,2018-03-26T00:00:00,404,2018-03-26T00:00:00,404,2018-03-19T00:00:00,0,2009-04-20T00:00:00,18,DJIA_Index
8,lasso,True,2018-03-26T00:00:00,405,2018-03-26T00:00:00,404,2018-03-26T00:00:00,404,2018-03-19T00:00:00,0,2009-04-20T00:00:00,18,pdsi_extreme_drought_in_harvesting
8,lasso,True,2018-03-26T00:00:00,405,2018-03-26T00:00:00,404,2018-03-26T00:00:00,404,2018-03-19T00:00:00,0,2009-04-20T00:00:00,18,pdsi_extreme_drought_in_planting
8,lasso,True,2018-03-26T00:00:00,405,2018-03-26T00:00:00,404,2018-03-26T00:00:00,404,2018-03-19T00:00:00,0,2009-04-20T00:00:00,18,pdsi_extreme_wet_in_harvesting
8,lasso,True,2018-03-26T00:00:00,405,2018-03-26T00:00:00,404,2018-03-26T00:00:00,404,2018-03-19T00:00:00,0,2009-04-20T00:00:00,18,ssta_lanina
8,lasso,True,2018-03-26T00:00:00,405,2018-03-26T00:00:00,404,2018-03-26T00:00:00,404,2018-03-19T00:00:00,0,2009-04-20T00:00:00,18,wheat_monthly_rv
8,lasso,True,2018-03-26T00:00:00,405,2018-03-26T00:00:00,404,2018-03-26T00:00:00,404,2018-03-19T00:00:00,0,2009-04-20T00:00:00,18,wheat_seasonal_rv
8,lasso,True,2018-03-26T00:00:00,405,2018-03-26T00:00:00,404,2018-03-26T00:00:00,404,2018-03-19T00:00:00,0,2009-04-20T00:00:00,18,wheat_weekly_rv
8,lasso,True,2018-05-21T00:00:00,413,2018-05-21T00:00:00,412,2018-05-21T00:00:00,412,2018-05-14T00:00:00,0,2009-04-20T00:00:00,19,DJIA_Index
8,lasso,True,2018-05-21T00:00:00,413,2018-05-21T00:00:00,412,2018-05-21T00:00:00,412,2018-05-14T00:00:00,0,2009-04-20T00:00:00,19,pdsi_extreme_drought_in_harvesting
8,lasso,True,2018-05-21T00:00:00,413,2018-05-21T00:00:00,412,2018-05-21T00:00:00,412,2018-05-14T00:00:00,0,2009-04-20T00:00:00,19,pdsi_extreme_drought_in_planting
8,lasso,True,2018-05-21T00:00:00,413,2018-05-21T00:00:00,412,2018-05-21T00:00:00,412,2018-05-14T00:00:00,0,2009-04-20T00:00:00,19,pdsi_extreme_wet_in_harvesting
8,lasso,True,2018-05-21T00:00:00,413,2018-05-21T00:00:00,412,2018-05-21T00:00:00,412,2018-05-14T00:00:00,0,2009-04-20T00:00:00,19,ssta_lanina
8,lasso,True,2018-05-21T00:00:00,413,2018-05-21T00:00:00,412,2018-05-21T00:00:00,412,2018-05-14T00:00:00,0,2009-04-20T00:00:00,19,wheat_monthly_rv
8,lasso,True,2018-05-21T00:00:00,413,2018-05-21T00:00:00,412,2018-05-21T00:00:00,412,2018-05-14T00:00:00,0,2009-04-20T00:00:00,19,wheat_seasonal_rv
8,lasso,True,2018-05-21T00:00:00,413,2018-05-21T00:00:00,412,2018-05-21T00:00:00,412,2018-05-14T00:00:00,0,2009-04-20T00:00:00,19,wheat_weekly_rv
5,lasso,False,2018-07-23T00:00:00,421,2018-07-23T00:00:00,420,2018-07-23T00:00:00,420,2018-07-16T00:00:00,0,2009-04-20T00:00:00,20,DJIA_Index
5,lasso,False,2018-07-23T00:00:00,421,2018-07-23T00:00:00,420,2018-07-23T00:00:00,420,2018-07-16T00:00:00,0,2009-04-20T00:00:00,20,frbsf_sentiment
5,lasso,False,2018-07-23T00:00:00,421,2018-07-23T00:00:00,420,2018-07-23T00:00:00,420,2018-07-16T00:00:00,0,2009-04-20T00:00:00,20,wheat_monthly_rv
5,lasso,False,2018-07-23T00:00:00,421,2018-07-23T00:00:00,420,2018-07-23T00:00:00,420,2018-07-16T00:00:00,0,2009-04-20T00:00:00,20,wheat_seasonal_rv
5,lasso,False,2018-07-23T00:00:00,421,2018-07-23T00:00:00,420,2018-07-23T00:00:00,420,2018-07-16T00:00:00,0,2009-04-20T00:00:00,20,wheat_weekly_rv
5,lasso,True,2018-09-24T00:00:00,429,2018-09-24T00:00:00,428,2018-09-24T00:00:00,428,2018-09-17T00:00:00,0,2009-04-20T00:00:00,21,DJIA_Index
5,lasso,True,2018-09-24T00:00:00,429,2018-09-24T00:00:00,428,2018-09-24T00:00:00,428,2018-09-17T00:00:00,0,2009-04-20T00:00:00,21,frbsf_sentiment
5,lasso,True,2018-09-24T00:00:00,429,2018-09-24T00:00:00,428,2018-09-24T00:00:00,428,2018-09-17T00:00:00,0,2009-04-20T00:00:00,21,wheat_monthly_rv
5,lasso,True,2018-09-24T00:00:00,429,2018-09-24T00:00:00,428,2018-09-24T00:00:00,428,2018-09-17T00:00:00,0,2009-04-20T00:00:00,21,wheat_seasonal_rv
5,lasso,True,2018-09-24T00:00:00,429,2018-09-24T00:00:00,428,2018-09-24T00:00:00,428,2018-09-17T00:00:00,0,2009-04-20T00:00:00,21,wheat_weekly_rv
5,lasso,True,2018-12-03T00:00:00,437,2018-12-03T00:00:00,436,2018-12-03T00:00:00,436,2018-11-26T00:00:00,0,2009-04-20T00:00:00,22,DJIA_Index
5,lasso,True,2018-12-03T00:00:00,437,2018-12-03T00:00:00,436,2018-12-03T00:00:00,436,2018-11-26T00:00:00,0,2009-04-20T00:00:00,22,frbsf_sentiment
5,lasso,True,2018-12-03T00:00:00,437,2018-12-03T00:00:00,436,2018-12-03T00:00:00,436,2018-11-26T00:00:00,0,2009-04-20T00:00:00,22,wheat_monthly_rv
5,lasso,True,2018-12-03T00:00:00,437,2018-12-03T00:00:00,436,2018-12-03T00:00:00,436,2018-11-26T00:00:00,0,2009-04-20T00:00:00,22,wheat_seasonal_rv
5,lasso,True,2018-12-03T00:00:00,437,2018-12-03T00:00:00,436,2018-12-03T00:00:00,436,2018-11-26T00:00:00,0,2009-04-20T00:00:00,22,wheat_weekly_rv
5,lasso,True,2019-02-11T00:00:00,445,2019-02-11T00:00:00,444,2019-02-11T00:00:00,444,2019-02-04T00:00:00,0,2009-04-20T00:00:00,23,DJIA_Index
5,lasso,True,2019-02-11T00:00:00,445,2019-02-11T00:00:00,444,2019-02-11T00:00:00,444,2019-02-04T00:00:00,0,2009-04-20T00:00:00,23,frbsf_sentiment
5,lasso,True,2019-02-11T00:00:00,445,2019-02-11T00:00:00,444,2019-02-11T00:00:00,444,2019-02-04T00:00:00,0,2009-04-20T00:00:00,23,wheat_monthly_rv
5,lasso,True,2019-02-11T00:00:00,445,2019-02-11T00:00:00,444,2019-02-11T00:00:00,444,2019-02-04T00:00:00,0,2009-04-20T00:00:00,23,wheat_seasonal_rv
5,lasso,True,2019-02-11T00:00:00,445,2019-02-11T00:00:00,444,2019-02-11T00:00:00,444,2019-02-04T00:00:00,0,2009-04-20T00:00:00,23,wheat_weekly_rv
11,lasso,False,2019-04-15T00:00:00,453,2019-04-15T00:00:00,452,2019-04-15T00:00:00,452,2019-04-08T00:00:00,0,2009-04-20T00:00:00,24,DJIA_Index
11,lasso,False,2019-04-15T00:00:00,453,2019-04-15T00:00:00,452,2019-04-15T00:00:00,452,2019-04-08T00:00:00,0,2009-04-20T00:00:00,24,Text_Climate_Anomaly
11,lasso,False,2019-04-15T00:00:00,453,2019-04-15T00:00:00,452,2019-04-15T00:00:00,452,2019-04-08T00:00:00,0,2009-04-20T00:00:00,24,frbsf_sentiment
11,lasso,False,2019-04-15T00:00:00,453,2019-04-15T00:00:00,452,2019-04-15T00:00:00,452,2019-04-08T00:00:00,0,2009-04-20T00:00:00,24,pdsi_extreme_drought_in_harvesting
11,lasso,False,2019-04-15T00:00:00,453,2019-04-15T00:00:00,452,2019-04-15T00:00:00,452,2019-04-08T00:00:00,0,2009-04-20T00:00:00,24,pdsi_extreme_drought_in_planting
11,lasso,False,2019-04-15T00:00:00,453,2019-04-15T00:00:00,452,2019-04-15T00:00:00,452,2019-04-08T00:00:00,0,2009-04-20T00:00:00,24,pdsi_extreme_wet_in_harvesting
11,lasso,False,2019-04-15T00:00:00,453,2019-04-15T00:00:00,452,2019-04-15T00:00:00,452,2019-04-08T00:00:00,0,2009-04-20T00:00:00,24,pdsi_severe_drought_in_planting
11,lasso,False,2019-04-15T00:00:00,453,2019-04-15T00:00:00,452,2019-04-15T00:00:00,452,2019-04-08T00:00:00,0,2009-04-20T00:00:00,24,ssta_lanina
11,lasso,False,2019-04-15T00:00:00,453,2019-04-15T00:00:00,452,2019-04-15T00:00:00,452,2019-04-08T00:00:00,0,2009-04-20T00:00:00,24,wheat_monthly_rv
11,lasso,False,2019-04-15T00:00:00,453,2019-04-15T00:00:00,452,2019-04-15T00:00:00,452,2019-04-08T00:00:00,0,2009-04-20T00:00:00,24,wheat_seasonal_rv
11,lasso,False,2019-04-15T00:00:00,453,2019-04-15T00:00:00,452,2019-04-15T00:00:00,452,2019-04-08T00:00:00,0,2009-04-20T00:00:00,24,wheat_weekly_rv
11,lasso,True,2019-06-17T00:00:00,461,2019-06-17T00:00:00,460,2019-06-17T00:00:00,460,2019-06-10T00:00:00,0,2009-04-20T00:00:00,25,DJIA_Index
11,lasso,True,2019-06-17T00:00:00,461,2019-06-17T00:00:00,460,2019-06-17T00:00:00,460,2019-06-10T00:00:00,0,2009-04-20T00:00:00,25,Text_Climate_Anomaly
11,lasso,True,2019-06-17T00:00:00,461,2019-06-17T00:00:00,460,2019-06-17T00:00:00,460,2019-06-10T00:00:00,0,2009-04-20T00:00:00,25,frbsf_sentiment
11,lasso,True,2019-06-17T00:00:00,461,2019-06-17T00:00:00,460,2019-06-17T00:00:00,460,2019-06-10T00:00:00,0,2009-04-20T00:00:00,25,pdsi_extreme_drought_in_harvesting
11,lasso,True,2019-06-17T00:00:00,461,2019-06-17T00:00:00,460,2019-06-17T00:00:00,460,2019-06-10T00:00:00,0,2009-04-20T00:00:00,25,pdsi_extreme_drought_in_planting
11,lasso,True,2019-06-17T00:00:00,461,2019-06-17T00:00:00,460,2019-06-17T00:00:00,460,2019-06-10T00:00:00,0,2009-04-20T00:00:00,25,pdsi_extreme_wet_in_harvesting
11,lasso,True,2019-06-17T00:00:00,461,2019-06-17T00:00:00,460,2019-06-17T00:00:00,460,2019-06-10T00:00:00,0,2009-04-20T00:00:00,25,pdsi_severe_drought_in_planting
11,lasso,True,2019-06-17T00:00:00,461,2019-06-17T00:00:00,460,2019-06-17T00:00:00,460,2019-06-10T00:00:00,0,2009-04-20T00:00:00,25,ssta_lanina
11,lasso,True,2019-06-17T00:00:00,461,2019-06-17T00:00:00,460,2019-06-17T00:00:00,460,2019-06-10T00:00:00,0,2009-04-20T00:00:00,25,wheat_monthly_rv
11,lasso,True,2019-06-17T00:00:00,461,2019-06-17T00:00:00,460,2019-06-17T00:00:00,460,2019-06-10T00:00:00,0,2009-04-20T00:00:00,25,wheat_seasonal_rv
11,lasso,True,2019-06-17T00:00:00,461,2019-06-17T00:00:00,460,2019-06-17T00:00:00,460,2019-06-10T00:00:00,0,2009-04-20T00:00:00,25,wheat_weekly_rv
11,lasso,True,2019-08-12T00:00:00,469,2019-08-12T00:00:00,468,2019-08-12T00:00:00,468,2019-08-05T00:00:00,0,2009-04-20T00:00:00,26,DJIA_Index
11,lasso,True,2019-08-12T00:00:00,469,2019-08-12T00:00:00,468,2019-08-12T00:00:00,468,2019-08-05T00:00:00,0,2009-04-20T00:00:00,26,Text_Climate_Anomaly
11,lasso,True,2019-08-12T00:00:00,469,2019-08-12T00:00:00,468,2019-08-12T00:00:00,468,2019-08-05T00:00:00,0,2009-04-20T00:00:00,26,frbsf_sentiment
11,lasso,True,2019-08-12T00:00:00,469,2019-08-12T00:00:00,468,2019-08-12T00:00:00,468,2019-08-05T00:00:00,0,2009-04-20T00:00:00,26,pdsi_extreme_drought_in_harvesting
11,lasso,True,2019-08-12T00:00:00,469,2019-08-12T00:00:00,468,2019-08-12T00:00:00,468,2019-08-05T00:00:00,0,2009-04-20T00:00:00,26,pdsi_extreme_drought_in_planting
11,lasso,True,2019-08-12T00:00:00,469,2019-08-12T00:00:00,468,2019-08-12T00:00:00,468,2019-08-05T00:00:00,0,2009-04-20T00:00:00,26,pdsi_extreme_wet_in_harvesting
11,lasso,True,2019-08-12T00:00:00,469,2019-08-12T00:00:00,468,2019-08-12T00:00:00,468,2019-08-05T00:00:00,0,2009-04-20T00:00:00,26,pdsi_severe_drought_in_planting
11,lasso,True,2019-08-12T00:00:00,469,2019-08-12T00:00:00,468,2019-08-12T00:00:00,468,2019-08-05T00:00:00,0,2009-04-20T00:00:00,26,ssta_lanina
11,lasso,True,2019-08-12T00:00:00,469,2019-08-12T00:00:00,468,2019-08-12T00:00:00,468,2019-08-05T00:00:00,0,2009-04-20T00:00:00,26,wheat_monthly_rv
11,lasso,True,2019-08-12T00:00:00,469,2019-08-12T00:00:00,468,2019-08-12T00:00:00,468,2019-08-05T00:00:00,0,2009-04-20T00:00:00,26,wheat_seasonal_rv
11,lasso,True,2019-08-12T00:00:00,469,2019-08-12T00:00:00,468,2019-08-12T00:00:00,468,2019-08-05T00:00:00,0,2009-04-20T00:00:00,26,wheat_weekly_rv
11,lasso,True,2019-10-21T00:00:00,477,2019-10-21T00:00:00,476,2019-10-21T00:00:00,476,2019-10-07T00:00:00,0,2009-04-20T00:00:00,27,DJIA_Index
11,lasso,True,2019-10-21T00:00:00,477,2019-10-21T00:00:00,476,2019-10-21T00:00:00,476,2019-10-07T00:00:00,0,2009-04-20T00:00:00,27,Text_Climate_Anomaly
11,lasso,True,2019-10-21T00:00:00,477,2019-10-21T00:00:00,476,2019-10-21T00:00:00,476,2019-10-07T00:00:00,0,2009-04-20T00:00:00,27,frbsf_sentiment
11,lasso,True,2019-10-21T00:00:00,477,2019-10-21T00:00:00,476,2019-10-21T00:00:00,476,2019-10-07T00:00:00,0,2009-04-20T00:00:00,27,pdsi_extreme_drought_in_harvesting
11,lasso,True,2019-10-21T00:00:00,477,2019-10-21T00:00:00,476,2019-10-21T00:00:00,476,2019-10-07T00:00:00,0,2009-04-20T00:00:00,27,pdsi_extreme_drought_in_planting
11,lasso,True,2019-10-21T00:00:00,477,2019-10-21T00:00:00,476,2019-10-21T00:00:00,476,2019-10-07T00:00:00,0,2009-04-20T00:00:00,27,pdsi_extreme_wet_in_harvesting
11,lasso,True,2019-10-21T00:00:00,477,2019-10-21T00:00:00,476,2019-10-21T00:00:00,476,2019-10-07T00:00:00,0,2009-04-20T00:00:00,27,pdsi_severe_drought_in_planting
11,lasso,True,2019-10-21T00:00:00,477,2019-10-21T00:00:00,476,2019-10-21T00:00:00,476,2019-10-07T00:00:00,0,2009-04-20T00:00:00,27,ssta_lanina
11,lasso,True,2019-10-21T00:00:00,477,2019-10-21T00:00:00,476,2019-10-21T00:00:00,476,2019-10-07T00:00:00,0,2009-04-20T00:00:00,27,wheat_monthly_rv
11,lasso,True,2019-10-21T00:00:00,477,2019-10-21T00:00:00,476,2019-10-21T00:00:00,476,2019-10-07T00:00:00,0,2009-04-20T00:00:00,27,wheat_seasonal_rv
11,lasso,True,2019-10-21T00:00:00,477,2019-10-21T00:00:00,476,2019-10-21T00:00:00,476,2019-10-07T00:00:00,0,2009-04-20T00:00:00,27,wheat_weekly_rv
6,lasso,False,2019-12-23T00:00:00,485,2019-12-23T00:00:00,484,2019-12-23T00:00:00,484,2019-12-16T00:00:00,0,2009-04-20T00:00:00,28,DJIA_Index
6,lasso,False,2019-12-23T00:00:00,485,2019-12-23T00:00:00,484,2019-12-23T00:00:00,484,2019-12-16T00:00:00,0,2009-04-20T00:00:00,28,Text_Climate_Anomaly
6,lasso,False,2019-12-23T00:00:00,485,2019-12-23T00:00:00,484,2019-12-23T00:00:00,484,2019-12-16T00:00:00,0,2009-04-20T00:00:00,28,ssta_lanina
6,lasso,False,2019-12-23T00:00:00,485,2019-12-23T00:00:00,484,2019-12-23T00:00:00,484,2019-12-16T00:00:00,0,2009-04-20T00:00:00,28,wheat_monthly_rv
6,lasso,False,2019-12-23T00:00:00,485,2019-12-23T00:00:00,484,2019-12-23T00:00:00,484,2019-12-16T00:00:00,0,2009-04-20T00:00:00,28,wheat_seasonal_rv
6,lasso,False,2019-12-23T00:00:00,485,2019-12-23T00:00:00,484,2019-12-23T00:00:00,484,2019-12-16T00:00:00,0,2009-04-20T00:00:00,28,wheat_weekly_rv
6,lasso,True,2020-03-02T00:00:00,493,2020-03-02T00:00:00,492,2020-03-02T00:00:00,492,2020-02-24T00:00:00,0,2009-04-20T00:00:00,29,DJIA_Index
6,lasso,True,2020-03-02T00:00:00,493,2020-03-02T00:00:00,492,2020-03-02T00:00:00,492,2020-02-24T00:00:00,0,2009-04-20T00:00:00,29,Text_Climate_Anomaly
6,lasso,True,2020-03-02T00:00:00,493,2020-03-02T00:00:00,492,2020-03-02T00:00:00,492,2020-02-24T00:00:00,0,2009-04-20T00:00:00,29,ssta_lanina
6,lasso,True,2020-03-02T00:00:00,493,2020-03-02T00:00:00,492,2020-03-02T00:00:00,492,2020-02-24T00:00:00,0,2009-04-20T00:00:00,29,wheat_monthly_rv
6,lasso,True,2020-03-02T00:00:00,493,2020-03-02T00:00:00,492,2020-03-02T00:00:00,492,2020-02-24T00:00:00,0,2009-04-20T00:00:00,29,wheat_seasonal_rv
6,lasso,True,2020-03-02T00:00:00,493,2020-03-02T00:00:00,492,2020-03-02T00:00:00,492,2020-02-24T00:00:00,0,2009-04-20T00:00:00,29,wheat_weekly_rv
6,lasso,True,2020-04-27T00:00:00,501,2020-04-27T00:00:00,500,2020-04-27T00:00:00,500,2020-04-20T00:00:00,0,2009-04-20T00:00:00,30,DJIA_Index
6,lasso,True,2020-04-27T00:00:00,501,2020-04-27T00:00:00,500,2020-04-27T00:00:00,500,2020-04-20T00:00:00,0,2009-04-20T00:00:00,30,Text_Climate_Anomaly
6,lasso,True,2020-04-27T00:00:00,501,2020-04-27T00:00:00,500,2020-04-27T00:00:00,500,2020-04-20T00:00:00,0,2009-04-20T00:00:00,30,ssta_lanina
6,lasso,True,2020-04-27T00:00:00,501,2020-04-27T00:00:00,500,2020-04-27T00:00:00,500,2020-04-20T00:00:00,0,2009-04-20T00:00:00,30,wheat_monthly_rv
6,lasso,True,2020-04-27T00:00:00,501,2020-04-27T00:00:00,500,2020-04-27T00:00:00,500,2020-04-20T00:00:00,0,2009-04-20T00:00:00,30,wheat_seasonal_rv
6,lasso,True,2020-04-27T00:00:00,501,2020-04-27T00:00:00,500,2020-04-27T00:00:00,500,2020-04-20T00:00:00,0,2009-04-20T00:00:00,30,wheat_weekly_rv
6,lasso,True,2020-06-29T00:00:00,509,2020-06-29T00:00:00,508,2020-06-29T00:00:00,508,2020-06-22T00:00:00,0,2009-04-20T00:00:00,31,DJIA_Index
6,lasso,True,2020-06-29T00:00:00,509,2020-06-29T00:00:00,508,2020-06-29T00:00:00,508,2020-06-22T00:00:00,0,2009-04-20T00:00:00,31,Text_Climate_Anomaly
6,lasso,True,2020-06-29T00:00:00,509,2020-06-29T00:00:00,508,2020-06-29T00:00:00,508,2020-06-22T00:00:00,0,2009-04-20T00:00:00,31,ssta_lanina
6,lasso,True,2020-06-29T00:00:00,509,2020-06-29T00:00:00,508,2020-06-29T00:00:00,508,2020-06-22T00:00:00,0,2009-04-20T00:00:00,31,wheat_monthly_rv
6,lasso,True,2020-06-29T00:00:00,509,2020-06-29T00:00:00,508,2020-06-29T00:00:00,508,2020-06-22T00:00:00,0,2009-04-20T00:00:00,31,wheat_seasonal_rv
6,lasso,True,2020-06-29T00:00:00,509,2020-06-29T00:00:00,508,2020-06-29T00:00:00,508,2020-06-22T00:00:00,0,2009-04-20T00:00:00,31,wheat_weekly_rv
37,lasso,False,2020-08-24T00:00:00,517,2020-08-24T00:00:00,516,2020-08-24T00:00:00,516,2020-08-17T00:00:00,0,2009-04-20T00:00:00,32,DJIA_Index
37,lasso,False,2020-08-24T00:00:00,517,2020-08-24T00:00:00,516,2020-08-24T00:00:00,516,2020-08-17T00:00:00,0,2009-04-20T00:00:00,32,NAO_index
37,lasso,False,2020-08-24T00:00:00,517,2020-08-24T00:00:00,516,2020-08-24T00:00:00,516,2020-08-17T00:00:00,0,2009-04-20T00:00:00,32,Text_Climate_Anomaly
37,lasso,False,2020-08-24T00:00:00,517,2020-08-24T00:00:00,516,2020-08-24T00:00:00,516,2020-08-17T00:00:00,0,2009-04-20T00:00:00,32,WTI_Index
37,lasso,False,2020-08-24T00:00:00,517,2020-08-24T00:00:00,516,2020-08-24T00:00:00,516,2020-08-17T00:00:00,0,2009-04-20T00:00:00,32,awnd_extreme_high_wind_in_harvesting
37,lasso,False,2020-08-24T00:00:00,517,2020-08-24T00:00:00,516,2020-08-24T00:00:00,516,2020-08-17T00:00:00,0,2009-04-20T00:00:00,32,awnd_moderate_high_wind_in_harvesting
37,lasso,False,2020-08-24T00:00:00,517,2020-08-24T00:00:00,516,2020-08-24T00:00:00,516,2020-08-17T00:00:00,0,2009-04-20T00:00:00,32,awnd_moderate_high_wind_in_planting
37,lasso,False,2020-08-24T00:00:00,517,2020-08-24T00:00:00,516,2020-08-24T00:00:00,516,2020-08-17T00:00:00,0,2009-04-20T00:00:00,32,co2_extreme_in_harvesting
37,lasso,False,2020-08-24T00:00:00,517,2020-08-24T00:00:00,516,2020-08-24T00:00:00,516,2020-08-17T00:00:00,0,2009-04-20T00:00:00,32,co2_extreme_in_planting
37,lasso,False,2020-08-24T00:00:00,517,2020-08-24T00:00:00,516,2020-08-24T00:00:00,516,2020-08-17T00:00:00,0,2009-04-20T00:00:00,32,corn_weekly_rv
37,lasso,False,2020-08-24T00:00:00,517,2020-08-24T00:00:00,516,2020-08-24T00:00:00,516,2020-08-17T00:00:00,0,2009-04-20T00:00:00,32,epu_index
37,lasso,False,2020-08-24T00:00:00,517,2020-08-24T00:00:00,516,2020-08-24T00:00:00,516,2020-08-17T00:00:00,0,2009-04-20T00:00:00,32,frbsf_sentiment
37,lasso,False,2020-08-24T00:00:00,517,2020-08-24T00:00:00,516,2020-08-24T00:00:00,516,2020-08-17T00:00:00,0,2009-04-20T00:00:00,32,pdsi_extreme_drought_in_harvesting
37,lasso,False,2020-08-24T00:00:00,517,2020-08-24T00:00:00,516,2020-08-24T00:00:00,516,2020-08-17T00:00:00,0,2009-04-20T00:00:00,32,pdsi_extreme_drought_in_planting
37,lasso,False,2020-08-24T00:00:00,517,2020-08-24T00:00:00,516,2020-08-24T00:00:00,516,2020-08-17T00:00:00,0,2009-04-20T00:00:00,32,pdsi_extreme_wet_in_planting
37,lasso,False,2020-08-24T00:00:00,517,2020-08-24T00:00:00,516,2020-08-24T00:00:00,516,2020-08-17T00:00:00,0,2009-04-20T00:00:00,32,pdsi_severe_drought_in_harvesting
37,lasso,False,2020-08-24T00:00:00,517,2020-08-24T00:00:00,516,2020-08-24T00:00:00,516,2020-08-17T00:00:00,0,2009-04-20T00:00:00,32,pdsi_severe_drought_in_planting
37,lasso,False,2020-08-24T00:00:00,517,2020-08-24T00:00:00,516,2020-08-24T00:00:00,516,2020-08-17T00:00:00,0,2009-04-20T00:00:00,32,pdsi_very_wet_in_harvesting
37,lasso,False,2020-08-24T00:00:00,517,2020-08-24T00:00:00,516,2020-08-24T00:00:00,516,2020-08-17T00:00:00,0,2009-04-20T00:00:00,32,pdsi_very_wet_in_planting
37,lasso,False,2020-08-24T00:00:00,517,2020-08-24T00:00:00,516,2020-08-24T00:00:00,516,2020-08-17T00:00:00,0,2009-04-20T00:00:00,32,soybeans_weekly_rv
37,lasso,False,2020-08-24T00:00:00,517,2020-08-24T00:00:00,516,2020-08-24T00:00:00,516,2020-08-17T00:00:00,0,2009-04-20T00:00:00,32,spi_7d_extreme_dry_in_harvesting
37,lasso,False,2020-08-24T00:00:00,517,2020-08-24T00:00:00,516,2020-08-24T00:00:00,516,2020-08-17T00:00:00,0,2009-04-20T00:00:00,32,spi_7d_extreme_dry_in_planting
37,lasso,False,2020-08-24T00:00:00,517,2020-08-24T00:00:00,516,2020-08-24T00:00:00,516,2020-08-17T00:00:00,0,2009-04-20T00:00:00,32,spi_7d_extreme_wet_in_harvesting
37,lasso,False,2020-08-24T00:00:00,517,2020-08-24T00:00:00,516,2020-08-24T00:00:00,516,2020-08-17T00:00:00,0,2009-04-20T00:00:00,32,spi_7d_very_dry_in_harvesting
37,lasso,False,2020-08-24T00:00:00,517,2020-08-24T00:00:00,516,2020-08-24T00:00:00,516,2020-08-17T00:00:00,0,2009-04-20T00:00:00,32,spi_7d_very_wet_in_harvesting
37,lasso,False,2020-08-24T00:00:00,517,2020-08-24T00:00:00,516,2020-08-24T00:00:00,516,2020-08-17T00:00:00,0,2009-04-20T00:00:00,32,ssta_elino
37,lasso,False,2020-08-24T00:00:00,517,2020-08-24T00:00:00,516,2020-08-24T00:00:00,516,2020-08-17T00:00:00,0,2009-04-20T00:00:00,32,ssta_lanina
37,lasso,False,2020-08-24T00:00:00,517,2020-08-24T00:00:00,516,2020-08-24T00:00:00,516,2020-08-17T00:00:00,0,2009-04-20T00:00:00,32,tmax_hot_in_planting
37,lasso,False,2020-08-24T00:00:00,517,2020-08-24T00:00:00,516,2020-08-24T00:00:00,516,2020-08-17T00:00:00,0,2009-04-20T00:00:00,32,tmax_very_hot_in_harvesting
37,lasso,False,2020-08-24T00:00:00,517,2020-08-24T00:00:00,516,2020-08-24T00:00:00,516,2020-08-17T00:00:00,0,2009-04-20T00:00:00,32,tmax_very_hot_in_planting
37,lasso,False,2020-08-24T00:00:00,517,2020-08-24T00:00:00,516,2020-08-24T00:00:00,516,2020-08-17T00:00:00,0,2009-04-20T00:00:00,32,tmin_cold_in_harvesting
37,lasso,False,2020-08-24T00:00:00,517,2020-08-24T00:00:00,516,2020-08-24T00:00:00,516,2020-08-17T00:00:00,0,2009-04-20T00:00:00,32,tmin_very_cold_in_harvesting
37,lasso,False,2020-08-24T00:00:00,517,2020-08-24T00:00:00,516,2020-08-24T00:00:00,516,2020-08-17T00:00:00,0,2009-04-20T00:00:00,32,tmin_very_cold_in_planting
37,lasso,False,2020-08-24T00:00:00,517,2020-08-24T00:00:00,516,2020-08-24T00:00:00,516,2020-08-17T00:00:00,0,2009-04-20T00:00:00,32,wheat_monthly_rv
37,lasso,False,2020-08-24T00:00:00,517,2020-08-24T00:00:00,516,2020-08-24T00:00:00,516,2020-08-17T00:00:00,0,2009-04-20T00:00:00,32,wheat_seasonal_rv
37,lasso,False,2020-08-24T00:00:00,517,2020-08-24T00:00:00,516,2020-08-24T00:00:00,516,2020-08-17T00:00:00,0,2009-04-20T00:00:00,32,wheat_weekly_jumps
37,lasso,False,2020-08-24T00:00:00,517,2020-08-24T00:00:00,516,2020-08-24T00:00:00,516,2020-08-17T00:00:00,0,2009-04-20T00:00:00,32,wheat_weekly_rv
37,lasso,True,2020-11-02T00:00:00,525,2020-11-02T00:00:00,524,2020-11-02T00:00:00,524,2020-10-26T00:00:00,0,2009-04-20T00:00:00,33,DJIA_Index
37,lasso,True,2020-11-02T00:00:00,525,2020-11-02T00:00:00,524,2020-11-02T00:00:00,524,2020-10-26T00:00:00,0,2009-04-20T00:00:00,33,NAO_index
37,lasso,True,2020-11-02T00:00:00,525,2020-11-02T00:00:00,524,2020-11-02T00:00:00,524,2020-10-26T00:00:00,0,2009-04-20T00:00:00,33,Text_Climate_Anomaly
37,lasso,True,2020-11-02T00:00:00,525,2020-11-02T00:00:00,524,2020-11-02T00:00:00,524,2020-10-26T00:00:00,0,2009-04-20T00:00:00,33,WTI_Index
37,lasso,True,2020-11-02T00:00:00,525,2020-11-02T00:00:00,524,2020-11-02T00:00:00,524,2020-10-26T00:00:00,0,2009-04-20T00:00:00,33,awnd_extreme_high_wind_in_harvesting
37,lasso,True,2020-11-02T00:00:00,525,2020-11-02T00:00:00,524,2020-11-02T00:00:00,524,2020-10-26T00:00:00,0,2009-04-20T00:00:00,33,awnd_moderate_high_wind_in_harvesting
37,lasso,True,2020-11-02T00:00:00,525,2020-11-02T00:00:00,524,2020-11-02T00:00:00,524,2020-10-26T00:00:00,0,2009-04-20T00:00:00,33,awnd_moderate_high_wind_in_planting
37,lasso,True,2020-11-02T00:00:00,525,2020-11-02T00:00:00,524,2020-11-02T00:00:00,524,2020-10-26T00:00:00,0,2009-04-20T00:00:00,33,co2_extreme_in_harvesting
37,lasso,True,2020-11-02T00:00:00,525,2020-11-02T00:00:00,524,2020-11-02T00:00:00,524,2020-10-26T00:00:00,0,2009-04-20T00:00:00,33,co2_extreme_in_planting
37,lasso,True,2020-11-02T00:00:00,525,2020-11-02T00:00:00,524,2020-11-02T00:00:00,524,2020-10-26T00:00:00,0,2009-04-20T00:00:00,33,corn_weekly_rv
37,lasso,True,2020-11-02T00:00:00,525,2020-11-02T00:00:00,524,2020-11-02T00:00:00,524,2020-10-26T00:00:00,0,2009-04-20T00:00:00,33,epu_index
37,lasso,True,2020-11-02T00:00:00,525,2020-11-02T00:00:00,524,2020-11-02T00:00:00,524,2020-10-26T00:00:00,0,2009-04-20T00:00:00,33,frbsf_sentiment
37,lasso,True,2020-11-02T00:00:00,525,2020-11-02T00:00:00,524,2020-11-02T00:00:00,524,2020-10-26T00:00:00,0,2009-04-20T00:00:00,33,pdsi_extreme_drought_in_harvesting
37,lasso,True,2020-11-02T00:00:00,525,2020-11-02T00:00:00,524,2020-11-02T00:00:00,524,2020-10-26T00:00:00,0,2009-04-20T00:00:00,33,pdsi_extreme_drought_in_planting
37,lasso,True,2020-11-02T00:00:00,525,2020-11-02T00:00:00,524,2020-11-02T00:00:00,524,2020-10-26T00:00:00,0,2009-04-20T00:00:00,33,pdsi_extreme_wet_in_planting
37,lasso,True,2020-11-02T00:00:00,525,2020-11-02T00:00:00,524,2020-11-02T00:00:00,524,2020-10-26T00:00:00,0,2009-04-20T00:00:00,33,pdsi_severe_drought_in_harvesting
37,lasso,True,2020-11-02T00:00:00,525,2020-11-02T00:00:00,524,2020-11-02T00:00:00,524,2020-10-26T00:00:00,0,2009-04-20T00:00:00,33,pdsi_severe_drought_in_planting
37,lasso,True,2020-11-02T00:00:00,525,2020-11-02T00:00:00,524,2020-11-02T00:00:00,524,2020-10-26T00:00:00,0,2009-04-20T00:00:00,33,pdsi_very_wet_in_harvesting
37,lasso,True,2020-11-02T00:00:00,525,2020-11-02T00:00:00,524,2020-11-02T00:00:00,524,2020-10-26T00:00:00,0,2009-04-20T00:00:00,33,pdsi_very_wet_in_planting
37,lasso,True,2020-11-02T00:00:00,525,2020-11-02T00:00:00,524,2020-11-02T00:00:00,524,2020-10-26T00:00:00,0,2009-04-20T00:00:00,33,soybeans_weekly_rv
37,lasso,True,2020-11-02T00:00:00,525,2020-11-02T00:00:00,524,2020-11-02T00:00:00,524,2020-10-26T00:00:00,0,2009-04-20T00:00:00,33,spi_7d_extreme_dry_in_harvesting
37,lasso,True,2020-11-02T00:00:00,525,2020-11-02T00:00:00,524,2020-11-02T00:00:00,524,2020-10-26T00:00:00,0,2009-04-20T00:00:00,33,spi_7d_extreme_dry_in_planting
37,lasso,True,2020-11-02T00:00:00,525,2020-11-02T00:00:00,524,2020-11-02T00:00:00,524,2020-10-26T00:00:00,0,2009-04-20T00:00:00,33,spi_7d_extreme_wet_in_harvesting
37,lasso,True,2020-11-02T00:00:00,525,2020-11-02T00:00:00,524,2020-11-02T00:00:00,524,2020-10-26T00:00:00,0,2009-04-20T00:00:00,33,spi_7d_very_dry_in_harvesting
37,lasso,True,2020-11-02T00:00:00,525,2020-11-02T00:00:00,524,2020-11-02T00:00:00,524,2020-10-26T00:00:00,0,2009-04-20T00:00:00,33,spi_7d_very_wet_in_harvesting
37,lasso,True,2020-11-02T00:00:00,525,2020-11-02T00:00:00,524,2020-11-02T00:00:00,524,2020-10-26T00:00:00,0,2009-04-20T00:00:00,33,ssta_elino
37,lasso,True,2020-11-02T00:00:00,525,2020-11-02T00:00:00,524,2020-11-02T00:00:00,524,2020-10-26T00:00:00,0,2009-04-20T00:00:00,33,ssta_lanina
37,lasso,True,2020-11-02T00:00:00,525,2020-11-02T00:00:00,524,2020-11-02T00:00:00,524,2020-10-26T00:00:00,0,2009-04-20T00:00:00,33,tmax_hot_in_planting
37,lasso,True,2020-11-02T00:00:00,525,2020-11-02T00:00:00,524,2020-11-02T00:00:00,524,2020-10-26T00:00:00,0,2009-04-20T00:00:00,33,tmax_very_hot_in_harvesting
37,lasso,True,2020-11-02T00:00:00,525,2020-11-02T00:00:00,524,2020-11-02T00:00:00,524,2020-10-26T00:00:00,0,2009-04-20T00:00:00,33,tmax_very_hot_in_planting
37,lasso,True,2020-11-02T00:00:00,525,2020-11-02T00:00:00,524,2020-11-02T00:00:00,524,2020-10-26T00:00:00,0,2009-04-20T00:00:00,33,tmin_cold_in_harvesting
37,lasso,True,2020-11-02T00:00:00,525,2020-11-02T00:00:00,524,2020-11-02T00:00:00,524,2020-10-26T00:00:00,0,2009-04-20T00:00:00,33,tmin_very_cold_in_harvesting
37,lasso,True,2020-11-02T00:00:00,525,2020-11-02T00:00:00,524,2020-11-02T00:00:00,524,2020-10-26T00:00:00,0,2009-04-20T00:00:00,33,tmin_very_cold_in_planting
37,lasso,True,2020-11-02T00:00:00,525,2020-11-02T00:00:00,524,2020-11-02T00:00:00,524,2020-10-26T00:00:00,0,2009-04-20T00:00:00,33,wheat_monthly_rv
37,lasso,True,2020-11-02T00:00:00,525,2020-11-02T00:00:00,524,2020-11-02T00:00:00,524,2020-10-26T00:00:00,0,2009-04-20T00:00:00,33,wheat_seasonal_rv
37,lasso,True,2020-11-02T00:00:00,525,2020-11-02T00:00:00,524,2020-11-02T00:00:00,524,2020-10-26T00:00:00,0,2009-04-20T00:00:00,33,wheat_weekly_jumps
37,lasso,True,2020-11-02T00:00:00,525,2020-11-02T00:00:00,524,2020-11-02T00:00:00,524,2020-10-26T00:00:00,0,2009-04-20T00:00:00,33,wheat_weekly_rv
37,lasso,True,2020-12-28T00:00:00,533,2020-12-28T00:00:00,532,2020-12-28T00:00:00,532,2020-12-21T00:00:00,0,2009-04-20T00:00:00,34,DJIA_Index
37,lasso,True,2020-12-28T00:00:00,533,2020-12-28T00:00:00,532,2020-12-28T00:00:00,532,2020-12-21T00:00:00,0,2009-04-20T00:00:00,34,NAO_index
37,lasso,True,2020-12-28T00:00:00,533,2020-12-28T00:00:00,532,2020-12-28T00:00:00,532,2020-12-21T00:00:00,0,2009-04-20T00:00:00,34,Text_Climate_Anomaly
37,lasso,True,2020-12-28T00:00:00,533,2020-12-28T00:00:00,532,2020-12-28T00:00:00,532,2020-12-21T00:00:00,0,2009-04-20T00:00:00,34,WTI_Index
37,lasso,True,2020-12-28T00:00:00,533,2020-12-28T00:00:00,532,2020-12-28T00:00:00,532,2020-12-21T00:00:00,0,2009-04-20T00:00:00,34,awnd_extreme_high_wind_in_harvesting
37,lasso,True,2020-12-28T00:00:00,533,2020-12-28T00:00:00,532,2020-12-28T00:00:00,532,2020-12-21T00:00:00,0,2009-04-20T00:00:00,34,awnd_moderate_high_wind_in_harvesting
37,lasso,True,2020-12-28T00:00:00,533,2020-12-28T00:00:00,532,2020-12-28T00:00:00,532,2020-12-21T00:00:00,0,2009-04-20T00:00:00,34,awnd_moderate_high_wind_in_planting
37,lasso,True,2020-12-28T00:00:00,533,2020-12-28T00:00:00,532,2020-12-28T00:00:00,532,2020-12-21T00:00:00,0,2009-04-20T00:00:00,34,co2_extreme_in_harvesting
37,lasso,True,2020-12-28T00:00:00,533,2020-12-28T00:00:00,532,2020-12-28T00:00:00,532,2020-12-21T00:00:00,0,2009-04-20T00:00:00,34,co2_extreme_in_planting
37,lasso,True,2020-12-28T00:00:00,533,2020-12-28T00:00:00,532,2020-12-28T00:00:00,532,2020-12-21T00:00:00,0,2009-04-20T00:00:00,34,corn_weekly_rv
37,lasso,True,2020-12-28T00:00:00,533,2020-12-28T00:00:00,532,2020-12-28T00:00:00,532,2020-12-21T00:00:00,0,2009-04-20T00:00:00,34,epu_index
37,lasso,True,2020-12-28T00:00:00,533,2020-12-28T00:00:00,532,2020-12-28T00:00:00,532,2020-12-21T00:00:00,0,2009-04-20T00:00:00,34,frbsf_sentiment
37,lasso,True,2020-12-28T00:00:00,533,2020-12-28T00:00:00,532,2020-12-28T00:00:00,532,2020-12-21T00:00:00,0,2009-04-20T00:00:00,34,pdsi_extreme_drought_in_harvesting
37,lasso,True,2020-12-28T00:00:00,533,2020-12-28T00:00:00,532,2020-12-28T00:00:00,532,2020-12-21T00:00:00,0,2009-04-20T00:00:00,34,pdsi_extreme_drought_in_planting
37,lasso,True,2020-12-28T00:00:00,533,2020-12-28T00:00:00,532,2020-12-28T00:00:00,532,2020-12-21T00:00:00,0,2009-04-20T00:00:00,34,pdsi_extreme_wet_in_planting
37,lasso,True,2020-12-28T00:00:00,533,2020-12-28T00:00:00,532,2020-12-28T00:00:00,532,2020-12-21T00:00:00,0,2009-04-20T00:00:00,34,pdsi_severe_drought_in_harvesting
37,lasso,True,2020-12-28T00:00:00,533,2020-12-28T00:00:00,532,2020-12-28T00:00:00,532,2020-12-21T00:00:00,0,2009-04-20T00:00:00,34,pdsi_severe_drought_in_planting
37,lasso,True,2020-12-28T00:00:00,533,2020-12-28T00:00:00,532,2020-12-28T00:00:00,532,2020-12-21T00:00:00,0,2009-04-20T00:00:00,34,pdsi_very_wet_in_harvesting
37,lasso,True,2020-12-28T00:00:00,533,2020-12-28T00:00:00,532,2020-12-28T00:00:00,532,2020-12-21T00:00:00,0,2009-04-20T00:00:00,34,pdsi_very_wet_in_planting
37,lasso,True,2020-12-28T00:00:00,533,2020-12-28T00:00:00,532,2020-12-28T00:00:00,532,2020-12-21T00:00:00,0,2009-04-20T00:00:00,34,soybeans_weekly_rv
37,lasso,True,2020-12-28T00:00:00,533,2020-12-28T00:00:00,532,2020-12-28T00:00:00,532,2020-12-21T00:00:00,0,2009-04-20T00:00:00,34,spi_7d_extreme_dry_in_harvesting
37,lasso,True,2020-12-28T00:00:00,533,2020-12-28T00:00:00,532,2020-12-28T00:00:00,532,2020-12-21T00:00:00,0,2009-04-20T00:00:00,34,spi_7d_extreme_dry_in_planting
37,lasso,True,2020-12-28T00:00:00,533,2020-12-28T00:00:00,532,2020-12-28T00:00:00,532,2020-12-21T00:00:00,0,2009-04-20T00:00:00,34,spi_7d_extreme_wet_in_harvesting
37,lasso,True,2020-12-28T00:00:00,533,2020-12-28T00:00:00,532,2020-12-28T00:00:00,532,2020-12-21T00:00:00,0,2009-04-20T00:00:00,34,spi_7d_very_dry_in_harvesting
37,lasso,True,2020-12-28T00:00:00,533,2020-12-28T00:00:00,532,2020-12-28T00:00:00,532,2020-12-21T00:00:00,0,2009-04-20T00:00:00,34,spi_7d_very_wet_in_harvesting
37,lasso,True,2020-12-28T00:00:00,533,2020-12-28T00:00:00,532,2020-12-28T00:00:00,532,2020-12-21T00:00:00,0,2009-04-20T00:00:00,34,ssta_elino
37,lasso,True,2020-12-28T00:00:00,533,2020-12-28T00:00:00,532,2020-12-28T00:00:00,532,2020-12-21T00:00:00,0,2009-04-20T00:00:00,34,ssta_lanina
37,lasso,True,2020-12-28T00:00:00,533,2020-12-28T00:00:00,532,2020-12-28T00:00:00,532,2020-12-21T00:00:00,0,2009-04-20T00:00:00,34,tmax_hot_in_planting
37,lasso,True,2020-12-28T00:00:00,533,2020-12-28T00:00:00,532,2020-12-28T00:00:00,532,2020-12-21T00:00:00,0,2009-04-20T00:00:00,34,tmax_very_hot_in_harvesting
37,lasso,True,2020-12-28T00:00:00,533,2020-12-28T00:00:00,532,2020-12-28T00:00:00,532,2020-12-21T00:00:00,0,2009-04-20T00:00:00,34,tmax_very_hot_in_planting
37,lasso,True,2020-12-28T00:00:00,533,2020-12-28T00:00:00,532,2020-12-28T00:00:00,532,2020-12-21T00:00:00,0,2009-04-20T00:00:00,34,tmin_cold_in_harvesting
37,lasso,True,2020-12-28T00:00:00,533,2020-12-28T00:00:00,532,2020-12-28T00:00:00,532,2020-12-21T00:00:00,0,2009-04-20T00:00:00,34,tmin_very_cold_in_harvesting
37,lasso,True,2020-12-28T00:00:00,533,2020-12-28T00:00:00,532,2020-12-28T00:00:00,532,2020-12-21T00:00:00,0,2009-04-20T00:00:00,34,tmin_very_cold_in_planting
37,lasso,True,2020-12-28T00:00:00,533,2020-12-28T00:00:00,532,2020-12-28T00:00:00,532,2020-12-21T00:00:00,0,2009-04-20T00:00:00,34,wheat_monthly_rv
37,lasso,True,2020-12-28T00:00:00,533,2020-12-28T00:00:00,532,2020-12-28T00:00:00,532,2020-12-21T00:00:00,0,2009-04-20T00:00:00,34,wheat_seasonal_rv
37,lasso,True,2020-12-28T00:00:00,533,2020-12-28T00:00:00,532,2020-12-28T00:00:00,532,2020-12-21T00:00:00,0,2009-04-20T00:00:00,34,wheat_weekly_jumps
37,lasso,True,2020-12-28T00:00:00,533,2020-12-28T00:00:00,532,2020-12-28T00:00:00,532,2020-12-21T00:00:00,0,2009-04-20T00:00:00,34,wheat_weekly_rv
37,lasso,True,2021-03-08T00:00:00,541,2021-03-08T00:00:00,540,2021-03-08T00:00:00,540,2021-03-01T00:00:00,0,2009-04-20T00:00:00,35,DJIA_Index
37,lasso,True,2021-03-08T00:00:00,541,2021-03-08T00:00:00,540,2021-03-08T00:00:00,540,2021-03-01T00:00:00,0,2009-04-20T00:00:00,35,NAO_index
37,lasso,True,2021-03-08T00:00:00,541,2021-03-08T00:00:00,540,2021-03-08T00:00:00,540,2021-03-01T00:00:00,0,2009-04-20T00:00:00,35,Text_Climate_Anomaly
37,lasso,True,2021-03-08T00:00:00,541,2021-03-08T00:00:00,540,2021-03-08T00:00:00,540,2021-03-01T00:00:00,0,2009-04-20T00:00:00,35,WTI_Index
37,lasso,True,2021-03-08T00:00:00,541,2021-03-08T00:00:00,540,2021-03-08T00:00:00,540,2021-03-01T00:00:00,0,2009-04-20T00:00:00,35,awnd_extreme_high_wind_in_harvesting
37,lasso,True,2021-03-08T00:00:00,541,2021-03-08T00:00:00,540,2021-03-08T00:00:00,540,2021-03-01T00:00:00,0,2009-04-20T00:00:00,35,awnd_moderate_high_wind_in_harvesting
37,lasso,True,2021-03-08T00:00:00,541,2021-03-08T00:00:00,540,2021-03-08T00:00:00,540,2021-03-01T00:00:00,0,2009-04-20T00:00:00,35,awnd_moderate_high_wind_in_planting
37,lasso,True,2021-03-08T00:00:00,541,2021-03-08T00:00:00,540,2021-03-08T00:00:00,540,2021-03-01T00:00:00,0,2009-04-20T00:00:00,35,co2_extreme_in_harvesting
37,lasso,True,2021-03-08T00:00:00,541,2021-03-08T00:00:00,540,2021-03-08T00:00:00,540,2021-03-01T00:00:00,0,2009-04-20T00:00:00,35,co2_extreme_in_planting
37,lasso,True,2021-03-08T00:00:00,541,2021-03-08T00:00:00,540,2021-03-08T00:00:00,540,2021-03-01T00:00:00,0,2009-04-20T00:00:00,35,corn_weekly_rv
37,lasso,True,2021-03-08T00:00:00,541,2021-03-08T00:00:00,540,2021-03-08T00:00:00,540,2021-03-01T00:00:00,0,2009-04-20T00:00:00,35,epu_index
37,lasso,True,2021-03-08T00:00:00,541,2021-03-08T00:00:00,540,2021-03-08T00:00:00,540,2021-03-01T00:00:00,0,2009-04-20T00:00:00,35,frbsf_sentiment
37,lasso,True,2021-03-08T00:00:00,541,2021-03-08T00:00:00,540,2021-03-08T00:00:00,540,2021-03-01T00:00:00,0,2009-04-20T00:00:00,35,pdsi_extreme_drought_in_harvesting
37,lasso,True,2021-03-08T00:00:00,541,2021-03-08T00:00:00,540,2021-03-08T00:00:00,540,2021-03-01T00:00:00,0,2009-04-20T00:00:00,35,pdsi_extreme_drought_in_planting
37,lasso,True,2021-03-08T00:00:00,541,2021-03-08T00:00:00,540,2021-03-08T00:00:00,540,2021-03-01T00:00:00,0,2009-04-20T00:00:00,35,pdsi_extreme_wet_in_planting
37,lasso,True,2021-03-08T00:00:00,541,2021-03-08T00:00:00,540,2021-03-08T00:00:00,540,2021-03-01T00:00:00,0,2009-04-20T00:00:00,35,pdsi_severe_drought_in_harvesting
37,lasso,True,2021-03-08T00:00:00,541,2021-03-08T00:00:00,540,2021-03-08T00:00:00,540,2021-03-01T00:00:00,0,2009-04-20T00:00:00,35,pdsi_severe_drought_in_planting
37,lasso,True,2021-03-08T00:00:00,541,2021-03-08T00:00:00,540,2021-03-08T00:00:00,540,2021-03-01T00:00:00,0,2009-04-20T00:00:00,35,pdsi_very_wet_in_harvesting
37,lasso,True,2021-03-08T00:00:00,541,2021-03-08T00:00:00,540,2021-03-08T00:00:00,540,2021-03-01T00:00:00,0,2009-04-20T00:00:00,35,pdsi_very_wet_in_planting
37,lasso,True,2021-03-08T00:00:00,541,2021-03-08T00:00:00,540,2021-03-08T00:00:00,540,2021-03-01T00:00:00,0,2009-04-20T00:00:00,35,soybeans_weekly_rv
37,lasso,True,2021-03-08T00:00:00,541,2021-03-08T00:00:00,540,2021-03-08T00:00:00,540,2021-03-01T00:00:00,0,2009-04-20T00:00:00,35,spi_7d_extreme_dry_in_harvesting
37,lasso,True,2021-03-08T00:00:00,541,2021-03-08T00:00:00,540,2021-03-08T00:00:00,540,2021-03-01T00:00:00,0,2009-04-20T00:00:00,35,spi_7d_extreme_dry_in_planting
37,lasso,True,2021-03-08T00:00:00,541,2021-03-08T00:00:00,540,2021-03-08T00:00:00,540,2021-03-01T00:00:00,0,2009-04-20T00:00:00,35,spi_7d_extreme_wet_in_harvesting
37,lasso,True,2021-03-08T00:00:00,541,2021-03-08T00:00:00,540,2021-03-08T00:00:00,540,2021-03-01T00:00:00,0,2009-04-20T00:00:00,35,spi_7d_very_dry_in_harvesting
37,lasso,True,2021-03-08T00:00:00,541,2021-03-08T00:00:00,540,2021-03-08T00:00:00,540,2021-03-01T00:00:00,0,2009-04-20T00:00:00,35,spi_7d_very_wet_in_harvesting
37,lasso,True,2021-03-08T00:00:00,541,2021-03-08T00:00:00,540,2021-03-08T00:00:00,540,2021-03-01T00:00:00,0,2009-04-20T00:00:00,35,ssta_elino
37,lasso,True,2021-03-08T00:00:00,541,2021-03-08T00:00:00,540,2021-03-08T00:00:00,540,2021-03-01T00:00:00,0,2009-04-20T00:00:00,35,ssta_lanina
37,lasso,True,2021-03-08T00:00:00,541,2021-03-08T00:00:00,540,2021-03-08T00:00:00,540,2021-03-01T00:00:00,0,2009-04-20T00:00:00,35,tmax_hot_in_planting
37,lasso,True,2021-03-08T00:00:00,541,2021-03-08T00:00:00,540,2021-03-08T00:00:00,540,2021-03-01T00:00:00,0,2009-04-20T00:00:00,35,tmax_very_hot_in_harvesting
37,lasso,True,2021-03-08T00:00:00,541,2021-03-08T00:00:00,540,2021-03-08T00:00:00,540,2021-03-01T00:00:00,0,2009-04-20T00:00:00,35,tmax_very_hot_in_planting
37,lasso,True,2021-03-08T00:00:00,541,2021-03-08T00:00:00,540,2021-03-08T00:00:00,540,2021-03-01T00:00:00,0,2009-04-20T00:00:00,35,tmin_cold_in_harvesting
37,lasso,True,2021-03-08T00:00:00,541,2021-03-08T00:00:00,540,2021-03-08T00:00:00,540,2021-03-01T00:00:00,0,2009-04-20T00:00:00,35,tmin_very_cold_in_harvesting
37,lasso,True,2021-03-08T00:00:00,541,2021-03-08T00:00:00,540,2021-03-08T00:00:00,540,2021-03-01T00:00:00,0,2009-04-20T00:00:00,35,tmin_very_cold_in_planting
37,lasso,True,2021-03-08T00:00:00,541,2021-03-08T00:00:00,540,2021-03-08T00:00:00,540,2021-03-01T00:00:00,0,2009-04-20T00:00:00,35,wheat_monthly_rv
37,lasso,True,2021-03-08T00:00:00,541,2021-03-08T00:00:00,540,2021-03-08T00:00:00,540,2021-03-01T00:00:00,0,2009-04-20T00:00:00,35,wheat_seasonal_rv
37,lasso,True,2021-03-08T00:00:00,541,2021-03-08T00:00:00,540,2021-03-08T00:00:00,540,2021-03-01T00:00:00,0,2009-04-20T00:00:00,35,wheat_weekly_jumps
37,lasso,True,2021-03-08T00:00:00,541,2021-03-08T00:00:00,540,2021-03-08T00:00:00,540,2021-03-01T00:00:00,0,2009-04-20T00:00:00,35,wheat_weekly_rv
11,lasso,False,2021-05-03T00:00:00,549,2021-05-03T00:00:00,548,2021-05-03T00:00:00,548,2021-04-26T00:00:00,0,2009-04-20T00:00:00,36,DJIA_Index
11,lasso,False,2021-05-03T00:00:00,549,2021-05-03T00:00:00,548,2021-05-03T00:00:00,548,2021-04-26T00:00:00,0,2009-04-20T00:00:00,36,SOI_index
11,lasso,False,2021-05-03T00:00:00,549,2021-05-03T00:00:00,548,2021-05-03T00:00:00,548,2021-04-26T00:00:00,0,2009-04-20T00:00:00,36,Text_Climate_Anomaly
11,lasso,False,2021-05-03T00:00:00,549,2021-05-03T00:00:00,548,2021-05-03T00:00:00,548,2021-04-26T00:00:00,0,2009-04-20T00:00:00,36,pdsi_extreme_drought_in_harvesting
11,lasso,False,2021-05-03T00:00:00,549,2021-05-03T00:00:00,548,2021-05-03T00:00:00,548,2021-04-26T00:00:00,0,2009-04-20T00:00:00,36,pdsi_severe_drought_in_planting
11,lasso,False,2021-05-03T00:00:00,549,2021-05-03T00:00:00,548,2021-05-03T00:00:00,548,2021-04-26T00:00:00,0,2009-04-20T00:00:00,36,pdsi_very_wet_in_harvesting
11,lasso,False,2021-05-03T00:00:00,549,2021-05-03T00:00:00,548,2021-05-03T00:00:00,548,2021-04-26T00:00:00,0,2009-04-20T00:00:00,36,ssta_lanina
11,lasso,False,2021-05-03T00:00:00,549,2021-05-03T00:00:00,548,2021-05-03T00:00:00,548,2021-04-26T00:00:00,0,2009-04-20T00:00:00,36,tmax_hot_in_planting
11,lasso,False,2021-05-03T00:00:00,549,2021-05-03T00:00:00,548,2021-05-03T00:00:00,548,2021-04-26T00:00:00,0,2009-04-20T00:00:00,36,wheat_monthly_rv
11,lasso,False,2021-05-03T00:00:00,549,2021-05-03T00:00:00,548,2021-05-03T00:00:00,548,2021-04-26T00:00:00,0,2009-04-20T00:00:00,36,wheat_seasonal_rv
11,lasso,False,2021-05-03T00:00:00,549,2021-05-03T00:00:00,548,2021-05-03T00:00:00,548,2021-04-26T00:00:00,0,2009-04-20T00:00:00,36,wheat_weekly_rv
11,lasso,True,2021-07-12T00:00:00,557,2021-07-12T00:00:00,556,2021-07-12T00:00:00,556,2021-06-28T00:00:00,0,2009-04-20T00:00:00,37,DJIA_Index
11,lasso,True,2021-07-12T00:00:00,557,2021-07-12T00:00:00,556,2021-07-12T00:00:00,556,2021-06-28T00:00:00,0,2009-04-20T00:00:00,37,SOI_index
11,lasso,True,2021-07-12T00:00:00,557,2021-07-12T00:00:00,556,2021-07-12T00:00:00,556,2021-06-28T00:00:00,0,2009-04-20T00:00:00,37,Text_Climate_Anomaly
11,lasso,True,2021-07-12T00:00:00,557,2021-07-12T00:00:00,556,2021-07-12T00:00:00,556,2021-06-28T00:00:00,0,2009-04-20T00:00:00,37,pdsi_extreme_drought_in_harvesting
11,lasso,True,2021-07-12T00:00:00,557,2021-07-12T00:00:00,556,2021-07-12T00:00:00,556,2021-06-28T00:00:00,0,2009-04-20T00:00:00,37,pdsi_severe_drought_in_planting
11,lasso,True,2021-07-12T00:00:00,557,2021-07-12T00:00:00,556,2021-07-12T00:00:00,556,2021-06-28T00:00:00,0,2009-04-20T00:00:00,37,pdsi_very_wet_in_harvesting
11,lasso,True,2021-07-12T00:00:00,557,2021-07-12T00:00:00,556,2021-07-12T00:00:00,556,2021-06-28T00:00:00,0,2009-04-20T00:00:00,37,ssta_lanina
11,lasso,True,2021-07-12T00:00:00,557,2021-07-12T00:00:00,556,2021-07-12T00:00:00,556,2021-06-28T00:00:00,0,2009-04-20T00:00:00,37,tmax_hot_in_planting
11,lasso,True,2021-07-12T00:00:00,557,2021-07-12T00:00:00,556,2021-07-12T00:00:00,556,2021-06-28T00:00:00,0,2009-04-20T00:00:00,37,wheat_monthly_rv
11,lasso,True,2021-07-12T00:00:00,557,2021-07-12T00:00:00,556,2021-07-12T00:00:00,556,2021-06-28T00:00:00,0,2009-04-20T00:00:00,37,wheat_seasonal_rv
11,lasso,True,2021-07-12T00:00:00,557,2021-07-12T00:00:00,556,2021-07-12T00:00:00,556,2021-06-28T00:00:00,0,2009-04-20T00:00:00,37,wheat_weekly_rv
11,lasso,True,2021-09-13T00:00:00,565,2021-09-13T00:00:00,564,2021-09-13T00:00:00,564,2021-08-30T00:00:00,0,2009-04-20T00:00:00,38,DJIA_Index
11,lasso,True,2021-09-13T00:00:00,565,2021-09-13T00:00:00,564,2021-09-13T00:00:00,564,2021-08-30T00:00:00,0,2009-04-20T00:00:00,38,SOI_index
11,lasso,True,2021-09-13T00:00:00,565,2021-09-13T00:00:00,564,2021-09-13T00:00:00,564,2021-08-30T00:00:00,0,2009-04-20T00:00:00,38,Text_Climate_Anomaly
11,lasso,True,2021-09-13T00:00:00,565,2021-09-13T00:00:00,564,2021-09-13T00:00:00,564,2021-08-30T00:00:00,0,2009-04-20T00:00:00,38,pdsi_extreme_drought_in_harvesting
11,lasso,True,2021-09-13T00:00:00,565,2021-09-13T00:00:00,564,2021-09-13T00:00:00,564,2021-08-30T00:00:00,0,2009-04-20T00:00:00,38,pdsi_severe_drought_in_planting
11,lasso,True,2021-09-13T00:00:00,565,2021-09-13T00:00:00,564,2021-09-13T00:00:00,564,2021-08-30T00:00:00,0,2009-04-20T00:00:00,38,pdsi_very_wet_in_harvesting
11,lasso,True,2021-09-13T00:00:00,565,2021-09-13T00:00:00,564,2021-09-13T00:00:00,564,2021-08-30T00:00:00,0,2009-04-20T00:00:00,38,ssta_lanina
11,lasso,True,2021-09-13T00:00:00,565,2021-09-13T00:00:00,564,2021-09-13T00:00:00,564,2021-08-30T00:00:00,0,2009-04-20T00:00:00,38,tmax_hot_in_planting
11,lasso,True,2021-09-13T00:00:00,565,2021-09-13T00:00:00,564,2021-09-13T00:00:00,564,2021-08-30T00:00:00,0,2009-04-20T00:00:00,38,wheat_monthly_rv
11,lasso,True,2021-09-13T00:00:00,565,2021-09-13T00:00:00,564,2021-09-13T00:00:00,564,2021-08-30T00:00:00,0,2009-04-20T00:00:00,38,wheat_seasonal_rv
11,lasso,True,2021-09-13T00:00:00,565,2021-09-13T00:00:00,564,2021-09-13T00:00:00,564,2021-08-30T00:00:00,0,2009-04-20T00:00:00,38,wheat_weekly_rv
11,lasso,True,2021-11-15T00:00:00,573,2021-11-15T00:00:00,572,2021-11-15T00:00:00,572,2021-11-08T00:00:00,0,2009-04-20T00:00:00,39,DJIA_Index
11,lasso,True,2021-11-15T00:00:00,573,2021-11-15T00:00:00,572,2021-11-15T00:00:00,572,2021-11-08T00:00:00,0,2009-04-20T00:00:00,39,SOI_index
11,lasso,True,2021-11-15T00:00:00,573,2021-11-15T00:00:00,572,2021-11-15T00:00:00,572,2021-11-08T00:00:00,0,2009-04-20T00:00:00,39,Text_Climate_Anomaly
11,lasso,True,2021-11-15T00:00:00,573,2021-11-15T00:00:00,572,2021-11-15T00:00:00,572,2021-11-08T00:00:00,0,2009-04-20T00:00:00,39,pdsi_extreme_drought_in_harvesting
11,lasso,True,2021-11-15T00:00:00,573,2021-11-15T00:00:00,572,2021-11-15T00:00:00,572,2021-11-08T00:00:00,0,2009-04-20T00:00:00,39,pdsi_severe_drought_in_planting
11,lasso,True,2021-11-15T00:00:00,573,2021-11-15T00:00:00,572,2021-11-15T00:00:00,572,2021-11-08T00:00:00,0,2009-04-20T00:00:00,39,pdsi_very_wet_in_harvesting
11,lasso,True,2021-11-15T00:00:00,573,2021-11-15T00:00:00,572,2021-11-15T00:00:00,572,2021-11-08T00:00:00,0,2009-04-20T00:00:00,39,ssta_lanina
11,lasso,True,2021-11-15T00:00:00,573,2021-11-15T00:00:00,572,2021-11-15T00:00:00,572,2021-11-08T00:00:00,0,2009-04-20T00:00:00,39,tmax_hot_in_planting
11,lasso,True,2021-11-15T00:00:00,573,2021-11-15T00:00:00,572,2021-11-15T00:00:00,572,2021-11-08T00:00:00,0,2009-04-20T00:00:00,39,wheat_monthly_rv
11,lasso,True,2021-11-15T00:00:00,573,2021-11-15T00:00:00,572,2021-11-15T00:00:00,572,2021-11-08T00:00:00,0,2009-04-20T00:00:00,39,wheat_seasonal_rv
11,lasso,True,2021-11-15T00:00:00,573,2021-11-15T00:00:00,572,2021-11-15T00:00:00,572,2021-11-08T00:00:00,0,2009-04-20T00:00:00,39,wheat_weekly_rv
4,lasso,False,2022-01-10T00:00:00,581,2022-01-10T00:00:00,580,2022-01-10T00:00:00,580,2022-01-03T00:00:00,0,2009-04-20T00:00:00,40,ssta_lanina
4,lasso,False,2022-01-10T00:00:00,581,2022-01-10T00:00:00,580,2022-01-10T00:00:00,580,2022-01-03T00:00:00,0,2009-04-20T00:00:00,40,wheat_monthly_rv
4,lasso,False,2022-01-10T00:00:00,581,2022-01-10T00:00:00,580,2022-01-10T00:00:00,580,2022-01-03T00:00:00,0,2009-04-20T00:00:00,40,wheat_seasonal_rv
4,lasso,False,2022-01-10T00:00:00,581,2022-01-10T00:00:00,580,2022-01-10T00:00:00,580,2022-01-03T00:00:00,0,2009-04-20T00:00:00,40,wheat_weekly_rv
4,lasso,True,2022-03-21T00:00:00,589,2022-03-21T00:00:00,588,2022-03-21T00:00:00,588,2022-03-14T00:00:00,0,2009-04-20T00:00:00,41,ssta_lanina
4,lasso,True,2022-03-21T00:00:00,589,2022-03-21T00:00:00,588,2022-03-21T00:00:00,588,2022-03-14T00:00:00,0,2009-04-20T00:00:00,41,wheat_monthly_rv
4,lasso,True,2022-03-21T00:00:00,589,2022-03-21T00:00:00,588,2022-03-21T00:00:00,588,2022-03-14T00:00:00,0,2009-04-20T00:00:00,41,wheat_seasonal_rv
4,lasso,True,2022-03-21T00:00:00,589,2022-03-21T00:00:00,588,2022-03-21T00:00:00,588,2022-03-14T00:00:00,0,2009-04-20T00:00:00,41,wheat_weekly_rv
4,lasso,True,2022-05-16T00:00:00,597,2022-05-16T00:00:00,596,2022-05-16T00:00:00,596,2022-05-09T00:00:00,0,2009-04-20T00:00:00,42,ssta_lanina
4,lasso,True,2022-05-16T00:00:00,597,2022-05-16T00:00:00,596,2022-05-16T00:00:00,596,2022-05-09T00:00:00,0,2009-04-20T00:00:00,42,wheat_monthly_rv
4,lasso,True,2022-05-16T00:00:00,597,2022-05-16T00:00:00,596,2022-05-16T00:00:00,596,2022-05-09T00:00:00,0,2009-04-20T00:00:00,42,wheat_seasonal_rv
4,lasso,True,2022-05-16T00:00:00,597,2022-05-16T00:00:00,596,2022-05-16T00:00:00,596,2022-05-09T00:00:00,0,2009-04-20T00:00:00,42,wheat_weekly_rv
4,lasso,True,2022-08-01T00:00:00,605,2022-08-01T00:00:00,604,2022-08-01T00:00:00,604,2022-07-25T00:00:00,0,2009-04-20T00:00:00,43,ssta_lanina
4,lasso,True,2022-08-01T00:00:00,605,2022-08-01T00:00:00,604,2022-08-01T00:00:00,604,2022-07-25T00:00:00,0,2009-04-20T00:00:00,43,wheat_monthly_rv
4,lasso,True,2022-08-01T00:00:00,605,2022-08-01T00:00:00,604,2022-08-01T00:00:00,604,2022-07-25T00:00:00,0,2009-04-20T00:00:00,43,wheat_seasonal_rv
4,lasso,True,2022-08-01T00:00:00,605,2022-08-01T00:00:00,604,2022-08-01T00:00:00,604,2022-07-25T00:00:00,0,2009-04-20T00:00:00,43,wheat_weekly_rv
3,lasso,False,2022-10-03T00:00:00,613,2022-10-03T00:00:00,612,2022-10-03T00:00:00,612,2022-09-26T00:00:00,0,2009-04-20T00:00:00,44,wheat_monthly_rv
3,lasso,False,2022-10-03T00:00:00,613,2022-10-03T00:00:00,612,2022-10-03T00:00:00,612,2022-09-26T00:00:00,0,2009-04-20T00:00:00,44,wheat_seasonal_rv
3,lasso,False,2022-10-03T00:00:00,613,2022-10-03T00:00:00,612,2022-10-03T00:00:00,612,2022-09-26T00:00:00,0,2009-04-20T00:00:00,44,wheat_weekly_rv
3,lasso,True,2022-12-05T00:00:00,621,2022-12-05T00:00:00,620,2022-12-05T00:00:00,620,2022-11-28T00:00:00,0,2009-04-20T00:00:00,45,wheat_monthly_rv
3,lasso,True,2022-12-05T00:00:00,621,2022-12-05T00:00:00,620,2022-12-05T00:00:00,620,2022-11-28T00:00:00,0,2009-04-20T00:00:00,45,wheat_seasonal_rv
3,lasso,True,2022-12-05T00:00:00,621,2022-12-05T00:00:00,620,2022-12-05T00:00:00,620,2022-11-28T00:00:00,0,2009-04-20T00:00:00,45,wheat_weekly_rv
3,lasso,True,2023-02-27T00:00:00,629,2023-02-27T00:00:00,628,2023-02-27T00:00:00,628,2023-02-13T00:00:00,0,2009-04-20T00:00:00,46,wheat_monthly_rv
3,lasso,True,2023-02-27T00:00:00,629,2023-02-27T00:00:00,628,2023-02-27T00:00:00,628,2023-02-13T00:00:00,0,2009-04-20T00:00:00,46,wheat_seasonal_rv
3,lasso,True,2023-02-27T00:00:00,629,2023-02-27T00:00:00,628,2023-02-27T00:00:00,628,2023-02-13T00:00:00,0,2009-04-20T00:00:00,46,wheat_weekly_rv
3,lasso,True,2023-04-24T00:00:00,637,2023-04-24T00:00:00,636,2023-04-24T00:00:00,636,2023-04-17T00:00:00,0,2009-04-20T00:00:00,47,wheat_monthly_rv
3,lasso,True,2023-04-24T00:00:00,637,2023-04-24T00:00:00,636,2023-04-24T00:00:00,636,2023-04-17T00:00:00,0,2009-04-20T00:00:00,47,wheat_seasonal_rv
3,lasso,True,2023-04-24T00:00:00,637,2023-04-24T00:00:00,636,2023-04-24T00:00:00,636,2023-04-17T00:00:00,0,2009-04-20T00:00:00,47,wheat_weekly_rv
3,lasso,False,2023-07-03T00:00:00,645,2023-07-03T00:00:00,644,2023-07-03T00:00:00,644,2023-06-26T00:00:00,0,2009-04-20T00:00:00,48,wheat_monthly_rv
3,lasso,False,2023-07-03T00:00:00,645,2023-07-03T00:00:00,644,2023-07-03T00:00:00,644,2023-06-26T00:00:00,0,2009-04-20T00:00:00,48,wheat_seasonal_rv
3,lasso,False,2023-07-03T00:00:00,645,2023-07-03T00:00:00,644,2023-07-03T00:00:00,644,2023-06-26T00:00:00,0,2009-04-20T00:00:00,48,wheat_weekly_rv
3,lasso,True,2023-08-28T00:00:00,653,2023-08-28T00:00:00,652,2023-08-28T00:00:00,652,2023-08-21T00:00:00,0,2009-04-20T00:00:00,49,wheat_monthly_rv
3,lasso,True,2023-08-28T00:00:00,653,2023-08-28T00:00:00,652,2023-08-28T00:00:00,652,2023-08-21T00:00:00,0,2009-04-20T00:00:00,49,wheat_seasonal_rv
3,lasso,True,2023-08-28T00:00:00,653,2023-08-28T00:00:00,652,2023-08-28T00:00:00,652,2023-08-21T00:00:00,0,2009-04-20T00:00:00,49,wheat_weekly_rv
3,lasso,True,2023-11-06T00:00:00,661,2023-11-06T00:00:00,660,2023-11-06T00:00:00,660,2023-10-30T00:00:00,0,2009-04-20T00:00:00,50,wheat_monthly_rv
3,lasso,True,2023-11-06T00:00:00,661,2023-11-06T00:00:00,660,2023-11-06T00:00:00,660,2023-10-30T00:00:00,0,2009-04-20T00:00:00,50,wheat_seasonal_rv
3,lasso,True,2023-11-06T00:00:00,661,2023-11-06T00:00:00,660,2023-11-06T00:00:00,660,2023-10-30T00:00:00,0,2009-04-20T00:00:00,50,wheat_weekly_rv
3,lasso,True,2024-01-22T00:00:00,669,2024-01-22T00:00:00,668,2024-01-22T00:00:00,668,2024-01-08T00:00:00,0,2009-04-20T00:00:00,51,wheat_monthly_rv
3,lasso,True,2024-01-22T00:00:00,669,2024-01-22T00:00:00,668,2024-01-22T00:00:00,668,2024-01-08T00:00:00,0,2009-04-20T00:00:00,51,wheat_seasonal_rv
3,lasso,True,2024-01-22T00:00:00,669,2024-01-22T00:00:00,668,2024-01-22T00:00:00,668,2024-01-08T00:00:00,0,2009-04-20T00:00:00,51,wheat_weekly_rv
5,lasso,False,2024-03-25T00:00:00,677,2024-03-25T00:00:00,676,2024-03-25T00:00:00,676,2024-03-18T00:00:00,0,2009-04-20T00:00:00,52,WTI_Index
5,lasso,False,2024-03-25T00:00:00,677,2024-03-25T00:00:00,676,2024-03-25T00:00:00,676,2024-03-18T00:00:00,0,2009-04-20T00:00:00,52,ssta_lanina
5,lasso,False,2024-03-25T00:00:00,677,2024-03-25T00:00:00,676,2024-03-25T00:00:00,676,2024-03-18T00:00:00,0,2009-04-20T00:00:00,52,wheat_monthly_rv
5,lasso,False,2024-03-25T00:00:00,677,2024-03-25T00:00:00,676,2024-03-25T00:00:00,676,2024-03-18T00:00:00,0,2009-04-20T00:00:00,52,wheat_seasonal_rv
5,lasso,False,2024-03-25T00:00:00,677,2024-03-25T00:00:00,676,2024-03-25T00:00:00,676,2024-03-18T00:00:00,0,2009-04-20T00:00:00,52,wheat_weekly_rv
5,lasso,True,2024-05-20T00:00:00,685,2024-05-20T00:00:00,684,2024-05-20T00:00:00,684,2024-05-13T00:00:00,0,2009-04-20T00:00:00,53,WTI_Index
5,lasso,True,2024-05-20T00:00:00,685,2024-05-20T00:00:00,684,2024-05-20T00:00:00,684,2024-05-13T00:00:00,0,2009-04-20T00:00:00,53,ssta_lanina
5,lasso,True,2024-05-20T00:00:00,685,2024-05-20T00:00:00,684,2024-05-20T00:00:00,684,2024-05-13T00:00:00,0,2009-04-20T00:00:00,53,wheat_monthly_rv
5,lasso,True,2024-05-20T00:00:00,685,2024-05-20T00:00:00,684,2024-05-20T00:00:00,684,2024-05-13T00:00:00,0,2009-04-20T00:00:00,53,wheat_seasonal_rv
5,lasso,True,2024-05-20T00:00:00,685,2024-05-20T00:00:00,684,2024-05-20T00:00:00,684,2024-05-13T00:00:00,0,2009-04-20T00:00:00,53,wheat_weekly_rv
5,lasso,True,2024-07-22T00:00:00,693,2024-07-22T00:00:00,692,2024-07-22T00:00:00,692,2024-07-15T00:00:00,0,2009-04-20T00:00:00,54,WTI_Index
5,lasso,True,2024-07-22T00:00:00,693,2024-07-22T00:00:00,692,2024-07-22T00:00:00,692,2024-07-15T00:00:00,0,2009-04-20T00:00:00,54,ssta_lanina
5,lasso,True,2024-07-22T00:00:00,693,2024-07-22T00:00:00,692,2024-07-22T00:00:00,692,2024-07-15T00:00:00,0,2009-04-20T00:00:00,54,wheat_monthly_rv
5,lasso,True,2024-07-22T00:00:00,693,2024-07-22T00:00:00,692,2024-07-22T00:00:00,692,2024-07-15T00:00:00,0,2009-04-20T00:00:00,54,wheat_seasonal_rv
5,lasso,True,2024-07-22T00:00:00,693,2024-07-22T00:00:00,692,2024-07-22T00:00:00,692,2024-07-15T00:00:00,0,2009-04-20T00:00:00,54,wheat_weekly_rv
5,lasso,True,2024-09-23T00:00:00,701,2024-09-23T00:00:00,700,2024-09-23T00:00:00,700,2024-09-16T00:00:00,0,2009-04-20T00:00:00,55,WTI_Index
5,lasso,True,2024-09-23T00:00:00,701,2024-09-23T00:00:00,700,2024-09-23T00:00:00,700,2024-09-16T00:00:00,0,2009-04-20T00:00:00,55,ssta_lanina
5,lasso,True,2024-09-23T00:00:00,701,2024-09-23T00:00:00,700,2024-09-23T00:00:00,700,2024-09-16T00:00:00,0,2009-04-20T00:00:00,55,wheat_monthly_rv
5,lasso,True,2024-09-23T00:00:00,701,2024-09-23T00:00:00,700,2024-09-23T00:00:00,700,2024-09-16T00:00:00,0,2009-04-20T00:00:00,55,wheat_seasonal_rv
5,lasso,True,2024-09-23T00:00:00,701,2024-09-23T00:00:00,700,2024-09-23T00:00:00,700,2024-09-16T00:00:00,0,2009-04-20T00:00:00,55,wheat_weekly_rv
