"stateFlagCode","state","CornProductionByState_2025","CornProductionByState_2024","CornProductionByState_2023","CornProductionByState_2022","CornProductionByState_2021","CornProductionByState_2020","CornProductionByState_2019","CornProductionByState_2018","CornProductionByState_2017","CornProductionByState_2016","CornProductionByState_2015","CornProductionByState_2014","CornProductionByState_2013","CornProductionByState_2012","CornProductionByState_2011","CornProductionByState_2010","CornProductionByState_2009","CornProductionByState_2008","CornProductionByState_2007","CornProductionByState_2006","CornProductionByState_2005","CornProductionByState_2004","CornProductionByState_2003","CornProductionByState_2002","CornProductionByState_2001","CornProductionByState_2000","CornProductionByState_1999","CornProductionByState_1998","CornProductionByState_1997","CornProductionByState_1996","CornProductionByState_1995","CornProductionByState_1994","CornProductionByState_1993","CornProductionByState_1992","CornProductionByState_1991","CornProductionByState_1990","CornProductionByState_1989","CornProductionByState_1988","CornProductionByState_1987","CornProductionByState_1986","CornProductionByState_1985","CornProductionByState_1984","CornProductionByState_1983","CornProductionByState_1982","CornProductionByState_1981","CornProductionByState_1980","CornProductionByState_1979","CornProductionByState_1978","CornProductionByState_1977","CornProductionByState_1976","CornProductionByState_1975","CornProductionByState_1974","CornProductionByState_1973","CornProductionByState_1972","CornProductionByState_1971","CornProductionByState_1970","CornProductionByState_1969","CornProductionByState_1968","CornProductionByState_1967","CornProductionByState_1966","CornProductionByState_1965","CornProductionByState_1964","CornProductionByState_1963","CornProductionByState_1962","CornProductionByState_1961","CornProductionByState_1960","CornProductionByState_1959","CornProductionByState_1958","CornProductionByState_1957","CornProductionByState_1956","CornProductionByState_1955","CornProductionByState_1954","CornProductionByState_1953","CornProductionByState_1952","CornProductionByState_1951","CornProductionByState_1950","CornProductionByState_1949","CornProductionByState_1948","CornProductionByState_1947","CornProductionByState_1946","CornProductionByState_1945","CornProductionByState_1944","CornProductionByState_1943","CornProductionByState_1942","CornProductionByState_1941","CornProductionByState_1940","CornProductionByState_1939","CornProductionByState_1938","CornProductionByState_1937","CornProductionByState_1936","CornProductionByState_1935","CornProductionByState_1934","CornProductionByState_1933","CornProductionByState_1932","CornProductionByState_1931","CornProductionByState_1930","CornProductionByState_1929","CornProductionByState_1928","CornProductionByState_1927","CornProductionByState_1926","CornProductionByState_1925","CornProductionByState_1924","CornProductionByState_1923","CornProductionByState_1922","CornProductionByState_1921","CornProductionByState_1920","CornProductionByState_1919","CornProductionByState_1918","CornProductionByState_1917","CornProductionByState_1916","CornProductionByState_1915","CornProductionByState_1914","CornProductionByState_1913","CornProductionByState_1912","CornProductionByState_1911","CornProductionByState_1910","CornProductionByState_1909","CornProductionByState_1908","CornProductionByState_1907","CornProductionByState_1906","CornProductionByState_1905","CornProductionByState_1904","CornProductionByState_1903","CornProductionByState_1902","CornProductionByState_1901","CornProductionByState_1900","CornProductionByState_1899","CornProductionByState_1898","CornProductionByState_1897","CornProductionByState_1896","CornProductionByState_1895","CornProductionByState_1894","CornProductionByState_1893","CornProductionByState_1892","CornProductionByState_1891","CornProductionByState_1890","CornProductionByState_1889","CornProductionByState_1888","CornProductionByState_1887","CornProductionByState_1886","CornProductionByState_1885","CornProductionByState_1884","CornProductionByState_1883","CornProductionByState_1882","CornProductionByState_1881","CornProductionByState_1880","CornProductionByState_1879","CornProductionByState_1878","CornProductionByState_1877","CornProductionByState_1876","CornProductionByState_1875","CornProductionByState_1874","CornProductionByState_1873","CornProductionByState_1872","CornProductionByState_1871","CornProductionByState_1870","CornProductionByState_1869","CornProductionByState_1868","CornProductionByState_1867","CornProductionByState_1866","CornProductionValueByState_2024","CornProductionValueByState_2023","CornProductionValueByState_2022","CornProductionValueByState_2021","CornProductionValueByState_2020","YearlyOrganicCornProduction_2021","YearlyOrganicCornProduction_2019"
,"Iowa",2847000000,2626950000,2522550000,782300953,2539800000,2283300000,2564100000,2499000000,679377663,2740500000,2505600000,2367400000,2140200000,459849859,2356400000,2153250000,2407300000,2188800000,560140106,2050100000,2162500000,2244400000,1868300000,234678420,1664400000,1728000000,1758200000,1769000000,115590024,1711200000,1426800000,1915200000,880000000,1903650000,1427400000,1562400000,1445500000,898800000,1319500000,1626750000,1707300000,1444800000,743850000,1578000000,1731250000,1463000000,1663700000,1477750000,1092200000,1173900000,1117800000,968000000,1206960000,1229600000,1178100000,866622000,945351000,909075000,986332000,901748000,814506000,754695000,851600000,745129000,753188000,772541000,789035000,645612000,611320000,503596000,499210000,545763000,572983000,653062000,421080000,455706000,521747000,649286000,297228000,604200000,441618000,545842000,556985000,547980000,439416000,452760000,467712000,452824000,460800000,148900000,340556000,160768000,417400000,462121000,330217000,334254000,389297000,404708000,316225000,371085000,424294000,245476000,364743000,395415000,396718000,424534000,368950000,362600000,404250000,372400000,321750000,398925000,364500000,456320000,349675000,395495000,348777000,355300000,339500000,439075000,398400000,372450000,273325000,363280000,269610000,409500000,345644000,311760000,302170000,393880000,353730000,131250000,306750000,239730000,366120000,246120000,355593000,333380000,243600000,230840000,276670000,290720000,203000000,205570000,195900000,274525000,275226000,247050000,194300000,176800000,161000000,141100000,117000000,137760000,133110000,102000000,69680000,76545000,74210000,57920000,11558580000,11628956000,16351400000,15492780000,10594512000,9869362,4990469
,"Illinois",2409000000,2311050000,2276300000,866827563,2191700000,2120100000,1846200000,2268000000,840434094,2255650000,2012500000,2350000000,2100400000,506176771,1938950000,1946800000,2053200000,2130100000,884561615,1817450000,1708850000,2088000000,1812200000,298188352,1649200000,1668550000,1491000000,1473450000,198203945,1468800000,1130000000,1786200000,1300000000,1646450000,1177000000,1320800000,1322250000,700800000,1214400000,1404000000,1534950000,1247160000,624100000,1498640000,1426320000,1063920000,1403350000,1239870000,1184400000,1240130000,1253960000,811800000,981590000,1014750000,1067420000,735560000,989196000,907920000,1121952000,848044000,919038000,740240000,769863000,702950000,646852000,678980000,655863000,568836000,505216000,576436000,497560000,439300000,486108000,506224000,466565000,408408000,483138000,546865000,323466000,478968000,360654000,399702000,401150000,401922000,394903000,314932000,387039000,355212000,420912000,196032000,296874000,148357000,222282000,397879000,329078000,220212000,275977000,317110000,242304000,298332000,351042000,261624000,287625000,259612000,287595000,294875000,284688000,352225000,404000000,296050000,361000000,299150000,275800000,400000000,352800000,416150000,394712000,343000000,405600000,409500000,441000000,409500000,374525000,444850000,256800000,418400000,390328000,302560000,357000000,416850000,410000000,295120000,237900000,235440000,368600000,260400000,327520000,345200000,170940000,247420000,307050000,285120000,247065000,220000000,191100000,274040000,325586000,244325000,241650000,255000000,279545000,178200000,143850000,273028000,222090000,254000000,131600000,193230000,137025000,142825000,9937515000,10152298000,14517760000,13062532000,9455646000,4312280,1956737
,"Nebraska",1967300000,1802920000,1729000000,721661156,1854640000,1771200000,1785420000,1785600000,758796009,1699900000,1692750000,1602050000,1613950000,517553608,1536000000,1469100000,1584150000,1393650000,577261001,1178000000,1270500000,1319700000,1124200000,236806659,1139250000,1014300000,1153700000,1239750000,228327303,1179750000,854700000,1146750000,785200000,1066500000,990600000,934400000,847000000,818400000,812200000,896000000,953600000,806200000,470450000,748000000,791200000,603500000,822250000,762750000,648450000,518500000,503200000,399000000,554600000,534040000,450500000,366928000,434280000,313686000,333740000,328000000,249550000,204822000,286767000,304376000,275392000,333438000,318063000,276165000,219387000,94870000,95500000,188413000,196057000,253080000,188328000,241560000,226812000,243075000,139460000,218831000,232580000,281452000,202473000,223712000,152952000,95489000,72122000,102502000,66396000,10131000,92691000,6194000,221985000,250125000,155516000,220475000,216468000,175604000,266077000,126868000,207225000,171570000,253248000,156960000,193077000,242891000,160776000,126000000,225450000,205200000,227850000,180075000,114750000,202500000,158025000,193050000,181710000,193050000,169800000,240550000,244800000,240075000,194562000,238875000,100450000,191100000,212544000,147000000,225000000,278438000,120450000,47775000,169600000,191200000,230625000,110500000,215912000,194560000,130350000,135780000,156400000,143500000,112125000,93480000,63425000,61070000,65403000,54940000,38420000,24960000,19375000,5700000,8140000,10915000,8550000,5192000,4812000,3220000,3420000,2124000,8022994000,8091720000,9852381000,11053654000,7917264000,4704127,4795246
,"Minnesota",1667620000,1345020000,1513300000,611449741,1378830000,1434410000,1261500000,1357720000,471242504,1544000000,1428800000,1177800000,1294260000,418857232,1193500000,1292100000,1244100000,1166400000,313166570,1102850000,1191900000,1120950000,970900000,169246649,806000000,964250000,990000000,1032750000,77333185,868750000,731850000,915900000,322000000,741000000,720000000,762600000,700000000,347800000,609600000,683200000,724500000,689080000,367080000,734500000,744700000,610130000,606000000,643760000,600000000,330400000,407400000,365800000,513360000,455607000,475175000,384285000,349914000,372936000,355896000,341544000,261080000,258564000,353556000,272212000,324242000,315630000,303960000,271096000,289536000,294548000,252950000,239732000,234630000,229788000,176864000,153616000,212520000,236898000,159106000,196696000,176358000,198966000,174335000,169786000,154800000,135136000,164641000,122640000,131138000,57486000,106467000,44034000,100068000,129525000,77125000,99198000,104500000,94290000,76570000,93738000,98676000,70437000,103320000,69679000,110495000,91455000,84526000,111370000,87210000,94380000,71070000,105875000,103360000,88740000,80190000,70080000,70071000,58290000,52650000,67660000,65960000,49725000,49225000,41400000,43470000,48840000,47298000,43005000,36960000,42852000,41480000,20350000,28980000,24435000,24778000,26055000,25345000,24360000,22140000,23250000,20160000,21120000,13545000,20250000,17360000,15345000,14838000,14782000,10865000,9100000,8750000,8702000,7440000,8208000,7988000,5985000,4524000,5550000,4550000,2760000,5850837000,6688786000,9157649000,8148885000,6483533000,3842704,3746944
,"Indiana",1076250000,999900000,1077930000,481428159,1027650000,981750000,806130000,967680000,373972034,946310000,822000000,1084760000,1031910000,241126086,839500000,898040000,933660000,873600000,379626705,844660000,888580000,929040000,786940000,146955549,884520000,810300000,748440000,760350000,106121606,670350000,598900000,858240000,712800000,877590000,510600000,703050000,691600000,415000000,658800000,695400000,756450000,705510000,340910000,790020000,648000000,602880000,675360000,669600000,633420000,693000000,551740000,387630000,534480000,507936000,556409000,374148000,462000000,416768000,462852000,406160000,441894000,319320000,374622000,339480000,297406000,350336000,315688000,270333000,249098000,284704000,268688000,258908000,234943000,222900000,232988000,205010000,227100000,256728000,181761000,224298000,222070000,176841000,201586000,208062000,170820000,138269000,198150000,164123000,202410000,107110000,152608000,102810000,120272000,164212000,171951000,107940000,115935000,147981000,119164000,164806000,191436000,108248000,169594000,139824000,159120000,183201000,158669000,187250000,208562000,173875000,202125000,169950000,181050000,199475000,170775000,193050000,203290000,148688000,180675000,208075000,210000000,179850000,180250000,203775000,111100000,208538000,181806000,168438000,134200000,177750000,154800000,123000000,93600000,115475000,143100000,96875000,114760000,142450000,81400000,124100000,131400000,109275000,100050000,113900000,75900000,87338000,115489000,118400000,128625000,122500000,101600000,96900000,76500000,100100000,88750000,91838000,52275000,70550000,57275000,71175000,4299570000,4850685000,6316056000,6237836000,4565138000,1307150,1179908
,"South Dakota",1020370000,883960000,854240000,327569195,734320000,720900000,557280000,777600000,358437180,825930000,799770000,787360000,802820000,225807187,653400000,569700000,706680000,585200000,192299052,312340000,470050000,539500000,427350000,67110508,370600000,425600000,367250000,429550000,46132362,365000000,193550000,361800000,160650000,277200000,240500000,234000000,190800000,132000000,219950000,229600000,252000000,186260000,104410000,193680000,180600000,121900000,210900000,177550000,126850000,37200000,83250000,76890000,146340000,154496000,120796000,100204000,129030000,109204000,92036000,113475000,92079000,80414000,151872000,113008000,100046000,119910000,62200000,91448000,122199000,93751000,71322000,102816000,126593000,92689000,72000000,87612000,76751000,122951000,69080000,109399000,96236000,118678000,65776000,88440000,39460000,41306000,40882000,30118000,33960000,3129000,41910000,5559000,32851000,55428000,22725000,60440000,84531000,68822000,113520000,54511000,56648000,71255000,118496000,88065000,104512000,94530000,70278000,97200000,80400000,73500000,84500000,69300000,63562000,70225000,45825000,45150000,56456000,50440000,39775000,57188000,55815000,40250000,42500000,31540000,30450000,34560000,33198000,30240000,28890000,37800000,12980000,1500000,27300000,22545000,26460000,11475000,13755000,16065000,16497000,13674000,14761000,13380000,5180000,4475000,,,,,,,,,,,,,,,,,3624236000,3664690000,4298580000,4486695000,3150333000,694736,338909
,"Kansas",855440000,748200000,612850000,251123511,750600000,766480000,800660000,642420000,352914781,698640000,580160000,566200000,504000000,148170496,449400000,576600000,598300000,482790000,210686146,345000000,465750000,432000000,300000000,102389142,387350000,412100000,420180000,418950000,101168489,357200000,244280000,300300000,216000000,259500000,206250000,188500000,155000000,143750000,147600000,181560000,152100000,119375000,85560000,139080000,148050000,110920000,171990000,153000000,161280000,171840000,141040000,131930000,154000000,130000000,124545000,82240000,95432000,88452000,72080000,59682000,61950000,46800000,62100000,66198000,58800000,78488000,72660000,65982000,36180000,22525000,24936000,32376000,39028000,44685000,52488000,85470000,64153000,74132000,35748000,54318000,64790000,93067000,68701000,79353000,53222000,34282000,31844000,40824000,22347000,2982000,22886000,894000,66576000,120023000,99270000,67488000,101682000,157575000,154872000,54732000,103734000,119220000,115506000,84759000,90926000,120703000,56978000,42910000,119028000,69500000,172050000,108225000,21960000,174225000,118276000,170050000,154882000,162492000,155914000,197751000,197176000,140847000,174382000,214200000,54688000,141968000,229795000,138985000,159752000,224224000,205800000,39336000,137406000,141880000,142729000,39974000,259824000,200499000,82157000,138622000,177320000,183520000,187208000,156177000,75600000,109917000,105616000,78232000,99484000,73675000,76107000,18270000,32218000,41760000,31390000,15960000,17132000,6800000,10010000,6076000,3292080000,2898781000,3594624000,4518612000,3334188000,1094122,1065640
,"Missouri",667920000,603900000,561510000,197948143,545370000,557600000,461900000,462000000,200806061,570500000,437360000,628680000,435200000,71852020,347700000,369000000,446760000,381600000,119462912,362940000,329670000,466560000,302400000,49642428,345800000,396110000,247350000,285000000,28687236,340360000,149940000,271400000,166500000,324000000,213400000,205800000,219840000,153520000,242950000,280720000,272800000,154400000,72930000,198970000,207580000,109710000,239990000,200100000,201400000,173850000,170100000,146340000,228800000,227500000,272096000,173057000,183600000,245514000,202101000,182016000,220575000,154336000,188978000,156252000,165354000,210132000,214438000,167346000,140492000,179952000,151320000,68494000,114570000,160105000,125426000,169092000,153270000,185760000,94425000,158962000,103768000,155373000,131418000,143028000,110418000,121024000,125836000,107692000,113905000,25746000,65341000,14145000,130008000,164556000,149110000,86592000,112242000,158015000,137673000,150098000,164808000,134091000,177000000,156494000,165646000,188212000,147526000,146000000,268670000,144300000,212990000,162140000,130900000,243520000,192400000,247500000,194218000,175500000,219480000,226850000,240720000,172900000,207975000,294450000,75500000,227150000,210188000,217500000,195000000,210188000,266400000,168240000,198250000,175000000,204000000,192080000,220320000,202740000,147200000,155520000,198450000,204000000,164640000,192960000,93225000,161025000,202286000,131950000,145725000,139300000,171360000,65120000,83190000,105210000,105790000,88060000,66096000,50615000,56000000,39520000,2566575000,2582946000,3359764000,3354026000,2559384000,897933,914233
,"North Dakota",632200000,542360000,543400000,196983237,381150000,247420000,410030000,448290000,255599649,516660000,327680000,313720000,396000000,218643503,216300000,248160000,200100000,285200000,127956707,155400000,154800000,120750000,131040000,35518273,81075000,104160000,76635000,88275000,10525149,54600000,40290000,52000000,16425000,36540000,51300000,36800000,34875000,22040000,46500000,49290000,40320000,41580000,29145000,35360000,41553000,16820000,23788000,23700000,18980000,8160000,7140000,8160000,10080000,11390000,10730000,6375000,7410000,6468000,5586000,8190000,7252000,5700000,11275000,5239000,5824000,8932000,7280000,9750000,14564000,12322000,12625000,10320000,9310000,7560000,8622000,9350000,11835000,14868000,10983000,10051000,9090000,14551000,9637000,10675000,12305000,11352000,6628000,5833000,6174000,589000,6880000,143000,4656000,5605000,3626000,2790000,2208000,3078000,3504000,2261000,3400000,4934000,8127000,4680000,7261000,5242000,5444000,8550000,5500000,9988000,6900000,14000000,13050000,11050000,9400000,3920000,6034000,4370000,3150000,4200000,4098000,3150000,2992000,2268000,3381000,1320000,1586000,1204000,1045000,1292000,1552000,740000,390000,216000,610000,403000,450000,484000,405000,366000,462000,420000,220000,175000,,,,,,,,,,,,,,,,,2223676000,2249676000,2122120000,2233539000,1098545000,105775,219330
,"Ohio",616920000,566400000,673200000,167529870,644620000,564300000,421480000,617100000,126587771,524700000,498780000,612480000,650760000,100271390,489600000,523200000,536940000,408720000,101685808,470640000,464750000,491380000,478920000,35837529,437460000,485100000,403200000,470940000,41709407,310800000,375100000,486500000,360800000,507650000,326400000,417450000,348660000,255000000,372000000,476160000,511810000,460200000,224000000,456000000,360000000,440700000,417450000,379050000,380100000,393460000,310620000,265500000,243200000,284280000,322595000,240160000,241251000,248024000,255960000,261660000,225996000,200525000,231348000,207176000,187738000,230044000,219625000,179880000,162756000,200820000,209804000,215330000,184690000,179246000,160032000,164060000,183600000,202995000,127018000,166845000,166398000,138370000,162486000,171024000,151272000,112556000,160182000,147400000,151833000,112497000,150612000,99852000,119070000,125171000,153090000,82555000,102176000,113627000,96866000,124160000,152797000,75598000,123680000,105709000,125531000,133640000,144212000,139500000,155400000,122850000,153900000,145275000,144375000,163925000,154050000,143262000,162006000,144375000,136800000,167700000,148125000,141112000,126750000,160000000,116250000,170000000,153242000,156000000,133000000,168000000,126462000,109800000,100050000,102300000,125625000,82500000,119595000,132825000,99200000,107950000,127725000,101475000,79300000,105400000,94550000,122850000,111916000,124200000,111312000,131250000,112125000,107300000,96250000,112000000,111150000,101400000,73500000,82250000,72000000,92500000,2407200000,2955348000,3734465000,3816150000,2646567000,2133296,1198698
,"Wisconsin",583280000,515040000,552640000,137583620,540000000,506890000,443220000,545240000,123143092,573160000,492000000,485160000,439350000,93585704,514600000,502200000,448290000,394560000,96417996,400400000,429200000,353600000,367650000,55855799,330200000,363000000,407550000,404150000,32974825,333000000,347700000,437100000,216200000,306800000,380800000,354000000,310800000,130650000,330400000,365800000,358450000,344500000,223100000,361800000,378000000,348400000,317240000,294000000,317200000,150960000,198370000,161170000,173470000,203585000,225792000,152356000,152768000,166630000,141349000,146960000,122056000,105577000,105140000,107310000,117822000,108500000,137385000,84298000,107392000,116552000,84892000,95831000,95018000,96896000,65850000,62592000,83986000,66144000,59541000,60404000,60148000,66050000,59892000,57592000,47027000,46746000,45139000,45396000,34386000,16525000,38570000,32468000,37980000,38000000,21779000,23643000,26134000,25912000,13862000,20448000,37440000,14455000,30712000,34712000,47268000,43344000,43738000,67860000,42900000,57620000,41400000,65120000,64638000,57627000,58800000,52800000,52909000,50920000,43320000,58330000,57122000,48411000,47850000,45360000,42380000,60795000,55465000,50400000,53040000,53280000,48300000,29040000,41650000,38272000,37665000,40800000,36176000,40606000,30090000,32745000,36992000,38412000,23583000,36861000,33201000,37851000,34206000,34968000,32800000,36188000,20240000,24480000,24915000,25725000,26825000,25080000,15238000,20340000,19125000,14250000,2266176000,2370826000,3288402000,3240000000,2250592000,3434742,2938152
,"Michigan",358200000,345710000,346080000,116668171,346260000,302940000,236670000,282720000,93642999,320280000,335340000,355810000,345650000,98423830,335070000,312900000,309320000,295320000,81134398,286650000,287430000,257280000,259840000,49221597,199500000,241800000,253500000,227550000,37799335,211500000,249550000,255060000,225500000,241500000,253000000,238050000,222610000,112000000,192060000,257250000,286650000,220080000,165600000,293180000,268800000,243200000,237500000,194400000,211650000,161460000,176000000,118500000,146545000,142926000,119370000,115749000,96720000,97500000,94520000,94520000,90341000,92580000,95552000,87066000,96030000,90288000,98268000,81312000,72600000,84099000,77033000,72588000,68034000,68326000,55650000,46527000,66330000,51120000,32690000,36047000,47016000,45360000,37026000,57772000,39105000,40870000,48209000,46500000,42948000,28222000,47512000,25260000,34905000,37188000,28644000,15704000,15637000,23758000,19992000,20808000,33813000,22316000,32175000,33734000,44775000,45225000,43780000,46200000,37625000,44550000,54250000,61250000,53920000,53955000,54400000,54400000,55611000,48300000,48300000,58460000,53040000,45600000,52650000,42930000,55200000,58090000,45738000,45760000,47520000,58110000,49980000,31500000,30240000,28800000,36630000,33000000,31501000,39100000,30250000,35640000,38520000,37630000,24745000,37450000,29890000,34410000,32476000,34040000,27590000,24300000,28440000,20720000,21080000,24480000,20100000,22230000,15120000,18480000,18000000,15360000,1451982000,1450075000,2007667000,2029084000,1429877000,3926086,2803750
,"Texas",250100000,208320000,256200000,96781721,236800000,231680000,285950000,189000000,167415082,323850000,265950000,294520000,265200000,100262499,133770000,299520000,243040000,239540000,138883782,175450000,210900000,233520000,194700000,86893760,167560000,235600000,228330000,185000000,70631176,198240000,216600000,238680000,212750000,202500000,165000000,130500000,148400000,129600000,133750000,148960000,156450000,144150000,104760000,119700000,127530000,117000000,132300000,144000000,161700000,186000000,118450000,80960000,60800000,39560000,44160000,34534000,26268000,26052000,18658000,19008000,19371000,23488000,24164000,32612000,31890000,27522000,40068000,40621000,39000000,26284000,46104000,30380000,29715000,36870000,39016000,56960000,49266000,38576000,43520000,49813000,49708000,54000000,73152000,66918000,66015000,89018000,69600000,75600000,72016000,67680000,94809000,38080000,67626000,96355000,84269000,71104000,66439000,77166000,90326000,73101000,29072000,54375000,66297000,75968000,107046000,95880000,107985000,61750000,52250000,89300000,105995000,79200000,105160000,107730000,57310000,117040000,75911000,124560000,115650000,113175000,109560000,113505000,122000000,48800000,62270000,96600000,110288000,116500000,79180000,36670000,114750000,77140000,70855000,84600000,74820000,50820000,71680000,85200000,69400000,62280000,80400000,61750000,67240000,71760000,33360000,69250000,29134000,55575000,45920000,50000000,31320000,29830000,21600000,28750000,18560000,21000000,23500000,19800000,18750000,13400000,1020768000,1398852000,1157832000,1463424000,1047194000,2856611,2536217
,"Kentucky",248500000,227840000,280500000,121973623,272640000,250240000,245050000,213500000,109124096,222600000,225320000,225940000,243100000,48894815,180700000,152520000,189750000,152320000,77416717,151840000,155760000,173280000,147960000,38074505,156200000,159900000,123900000,135700000,27545274,148800000,123120000,156160000,126880000,171600000,111250000,120000000,136880000,80300000,118560000,139840000,159120000,146000000,46080000,153470000,146020000,103600000,132600000,119850000,132300000,138720000,87780000,88150000,85850000,83248000,91091000,46950000,72765000,67782000,93440000,65018000,72381000,58184000,72204000,64728000,61380000,73392000,76005000,66787000,59819000,81972000,76916000,61256000,67237000,56084000,78900000,76960000,81756000,95240000,74445000,78984000,67776000,60490000,68796000,77717000,72020000,62548000,62804000,65826000,67244000,47260000,55986000,61380000,67718000,63250000,76572000,26730000,61100000,56520000,61916000,80438000,70817000,66562000,72648000,68592000,64328000,84535000,73058000,86480000,111650000,92040000,100375000,81420000,65490000,94500000,80500000,88485000,84370000,74800000,94500000,108275000,102950000,99900000,89050000,91000000,54400000,89305000,74437000,105090000,75825000,94920000,103200000,74025000,65940000,71990000,90345000,69300000,82680000,85065000,59385000,82365000,82000000,74880000,72450000,83700000,49300000,74000000,72806000,60400000,75400000,76140000,73170000,56925000,65280000,70950000,59455000,68880000,50244000,63280000,42630000,51410000,1025280000,1332375000,1394266000,1578586000,1131085000,118330,250404
,"Mississippi",157520000,87420000,139370000,40157645,126700000,88200000,107010000,85100000,41803488,119520000,85750000,89725000,146080000,65870157,93440000,91120000,88960000,98000000,75361368,34775000,45990000,58520000,70490000,25520757,50050000,36500000,36270000,43000000,10901434,60690000,26125000,26500000,14820000,27000000,11250000,11200000,9800000,9000000,12000000,12750000,7820000,4900000,3520000,5580000,6440000,2464000,5720000,7560000,5760000,8084000,5945000,5904000,5772000,7335000,8580000,6244000,8768000,14118000,17640000,16092000,19304000,23826000,25380000,19818000,32175000,27837000,35898000,38826000,34500000,36625000,45810000,26588000,33570000,26112000,37539000,50713000,41226000,47630000,36482000,34768000,45258000,39944000,40703000,47226000,50014000,42028000,36741000,50592000,46200000,41640000,37479000,40514000,37275000,33885000,41742000,21560000,35028000,26325000,31450000,34085000,31620000,25824000,31779000,44179000,51792000,35430000,38526000,43350000,53820000,32750000,47940000,40000000,43750000,42500000,43020000,44585000,28558000,35190000,30845000,36900000,29435000,37925000,40330000,25800000,23320000,23100000,38760000,37800000,30000000,29000000,36630000,34485000,26325000,29550000,26815000,21125000,26102000,23660000,24900000,21450000,24070000,21190000,21320000,26080000,16940000,22475000,21366000,21700000,20580000,19575000,23925000,17290000,15375000,20625000,15875000,16520000,15972000,19840000,16320000,7600000,340938000,684307000,640456000,708253000,355446000,,
,"Colorado",153720000,136880000,123830000,77196451,147060000,122960000,159900000,153510000,112291898,160290000,134900000,147460000,128380000,58491257,172900000,182710000,151470000,138370000,68160541,134160000,140600000,140400000,120150000,43950061,149800000,144900000,159040000,155150000,37052864,126380000,92130000,126000000,106800000,130240000,133110000,128650000,134850000,128000000,106950000,102950000,103555000,91120000,74420000,101910000,103950000,89680000,96520000,80300000,80620000,64260000,51520000,52920000,48500000,42330000,38700000,38800000,31730000,23970000,22140000,17840000,13632000,11704000,11570000,10584000,14438000,12926000,15606000,16530000,14356000,8568000,7584000,5913000,7110000,5512000,9350000,8404000,11857000,7810000,8734000,7440000,11130000,12371000,10816000,14528000,12050000,7134000,5129000,9246000,4959000,8817000,8559000,1637000,17713000,11787000,14580000,26967000,18930000,19306000,18786000,9038000,16348000,10488000,26312000,11970000,10356000,17020000,10166000,14800000,15120000,10500000,14000000,11970000,7500000,8797000,5894000,6045000,6426000,4160000,3780000,3705000,3600000,3116000,2502000,2162000,1853000,1739000,1395000,1746000,1900000,1632000,1836000,1404000,1120000,1540000,1354000,1044000,1034000,810000,600000,700000,672000,588000,494000,481000,400000,444000,455000,,,,,,,,,,,,,,670712000,622865000,863843000,894125000,568075000,916627,864423
,"Tennessee",152250000,100320000,153970000,43374496,158100000,138550000,161070000,112560000,47248766,125330000,116800000,141120000,126360000,34559818,96285000,74880000,87320000,74340000,28668042,62500000,77350000,86100000,81220000,16855289,80520000,66120000,58140000,59520000,9591881,75400000,63720000,66120000,46200000,79360000,43860000,43860000,56710000,38690000,52780000,56980000,79380000,65550000,23040000,56700000,53760000,29440000,52700000,45540000,49640000,58630000,36900000,33428000,35178000,33600000,38475000,25605000,30855000,34216000,46197000,39936000,44352000,41748000,45368000,36162000,43086000,52806000,55068000,50730000,40641000,50560000,55862000,33880000,49973000,35660000,56970000,66170000,62190000,69504000,60021000,62127000,55242000,52102000,58938000,68715000,66612000,67218000,55198000,67014000,65136000,58527000,54700000,59360000,68432000,59459000,70128000,38080000,61131000,51205000,61694000,72752000,55926000,62685000,65182000,68687000,82173000,87750000,70641000,78120000,106562000,79625000,84500000,72000000,60800000,76320000,81250000,80605000,68155000,80750000,87100000,96320000,82810000,85500000,82560000,77660000,49800000,64800000,67680000,81500000,69510000,72240000,86730000,74250000,62010000,68370000,71760000,58710000,70452000,69090000,65200000,66215000,68460000,63550000,63038000,71760000,43710000,59985000,62748000,58275000,62150000,63825000,64625000,45500000,52275000,56250000,51450000,54960000,41800000,51060000,49115000,37800000,446424000,731358000,685776000,896427000,651185000,174906,131038
,"Arkansas",140620000,89760000,151890000,42709823,152720000,111320000,128625000,116745000,42470644,127395000,80545000,99110000,161820000,40014497,73320000,57000000,60680000,65360000,40361085,26280000,30130000,42700000,49000000,6800287,26825000,22750000,13000000,21500000,3432437,28750000,9775000,10800000,8190000,12350000,8000000,6935000,7076000,6000000,7475000,8480000,7884000,4655000,2640000,2700000,3185000,1036000,2030000,1800000,2279000,2520000,1900000,1012000,735000,1120000,1560000,1584000,1548000,2091000,2604000,2318000,3626000,3366000,5916000,6728000,8449000,9608000,12160000,13082000,13062000,17442000,18900000,6590000,10829000,12405000,22442000,31420000,24200000,28221000,21539000,30135000,28035000,25526000,20875000,31885000,37582000,44205000,33664000,36762000,42220000,27339000,25788000,17739000,27702000,37350000,45382000,9222000,27409000,30719000,35834000,38864000,29760000,31372000,30008000,39582000,54098000,52182000,34380000,26250000,53212000,34500000,48995000,32400000,37290000,42365000,42370000,50380000,37736000,41730000,32550000,44660000,36540000,42435000,45150000,48160000,17520000,41040000,44156000,45990000,35145000,29400000,48590000,36670000,32470000,34380000,37170000,27555000,35844000,33060000,33600000,34440000,32400000,28120000,27720000,32250000,20850000,28140000,24143000,23560000,24800000,25000000,25830000,12875000,17575000,16275000,18600000,16170000,13505000,15600000,11610000,5040000,394944000,754893000,815193000,908684000,499827000,,
,"Louisiana",140140000,81400000,119000000,35361225,103395000,87785000,89925000,77850000,45226561,90750000,66690000,71370000,115910000,44906735,76950000,70000000,80520000,73440000,60134760,40600000,44880000,55350000,67000000,18729813,45436000,42920000,39930000,43740000,12906484,65375000,23205000,35190000,19950000,37080000,20995000,21576000,13490000,11875000,21522000,44660000,23370000,9430000,5040000,3200000,2475000,1380000,2214000,2773000,3380000,4686000,2250000,2640000,2394000,4028000,4500000,5590000,4477000,7228000,7400000,6795000,6370000,6200000,7223000,6216000,9879000,9126000,12183000,12069000,10362000,13910000,16501000,11500000,9500000,11267000,14652000,15520000,14540000,15225000,12704000,13650000,19592000,15946000,19872000,21590000,19712000,22710000,22666000,27604000,25725000,20588000,25760000,14861000,18291000,21016000,21408000,12672000,18486000,18195000,18240000,17158000,19312000,13145000,17038000,21248000,27282000,26010000,21822000,20800000,23200000,26520000,28220000,25110000,27200000,24960000,25500000,30600000,26109000,20320000,17080000,19360000,15795000,19305000,21780000,13750000,15120000,19500000,22140000,22140000,18880000,14300000,19950000,16665000,14550000,15040000,13600000,11962000,13073000,11962000,13200000,12245000,12640000,9438000,12108000,10950000,8520000,11935000,9882000,12705000,11200000,9975000,9788000,7995000,9900000,10710000,7500000,8745000,7905000,9095000,5115000,2860000,317460000,634270000,492507000,546960000,328316000,,51600
,"North Carolina",130980000,70905000,132300000,31570421,134845000,106220000,103230000,93790000,35525656,121260000,82490000,102960000,122120000,29704932,68460000,76440000,93600000,64740000,27781868,97680000,84000000,86580000,72080000,14749290,78125000,74240000,51200000,53900000,13112817,85500000,74900000,81900000,55250000,98800000,85500000,72760000,88350000,81480000,74800000,93840000,128375000,145800000,76800000,155430000,140910000,103800000,128440000,121600000,88740000,150400000,106530000,117750000,114800000,102400000,89205000,70000000,87108000,80880000,104956000,60345000,92120000,80063000,76780000,71120000,67296000,84000000,76356000,73444000,55932000,75194000,67082000,49100000,55990000,52734000,65317000,71379000,66843000,64110000,66465000,56808000,53725000,50935000,49544000,45654000,51458000,46390000,50935000,45372000,44538000,42809000,45923000,41002000,41760000,33300000,43054000,38754000,35948000,33932000,38266000,36846000,34748000,31984000,43091000,38887000,39288000,45038000,41598000,47190000,50200000,37620000,45030000,42365000,42840000,36600000,40260000,44100000,34086000,35380000,37820000,37350000,33885000,38100000,35560000,36045000,29555000,32400000,34893000,38860000,35640000,33500000,38080000,39750000,28710000,28600000,31590000,31460000,25833000,25935000,32110000,25200000,25850000,29062000,23000000,31920000,20995000,30510000,28121000,27960000,29430000,25625000,26865000,25480000,24310000,27300000,22885000,26245000,19000000,25650000,19838000,15912000,350980000,738234000,716751000,849524000,499234000,259839,167527
,"Pennsylvania",100480000,91080000,106760000,20174906,143650000,124890000,142290000,119700000,15775384,122550000,138180000,158620000,159140000,11609101,106560000,116480000,130640000,117040000,10679461,117120000,117120000,137200000,102350000,5437009,94080000,137160000,61600000,116550000,7256386,127330000,94080000,123600000,93120000,118800000,64500000,109610000,98880000,59150000,101370000,127720000,151800000,148500000,72450000,126100000,134400000,96000000,121600000,115900000,111320000,106200000,88560000,89100000,81120000,64800000,77700000,81346000,76384000,56700000,81048000,32928000,55760000,53300000,47096000,47280000,64440000,61841000,57120000,61974000,37398000,54824000,45954000,52000000,46890000,52626000,48438000,47523000,50398000,52155000,44455000,45365000,45806000,39801000,37376000,43430000,42247000,40131000,43578000,44280000,48136000,43337000,47300000,39663000,40172000,35520000,45105000,19074000,35150000,35910000,34618000,47168000,55192000,38033000,44567000,52245000,57199000,56385000,61916000,60420000,61425000,56550000,58520000,62262000,54205000,58000000,60270000,56210000,43946000,55185000,47905000,60065000,60680000,51060000,47275000,56520000,59090000,50240000,53200000,54390000,53280000,60400000,49580000,48280000,34750000,43520000,53960000,44800000,47320000,49700000,51120000,44800000,49700000,46900000,39200000,44480000,35620000,51375000,45858000,40800000,44550000,42900000,49780000,43180000,40300000,49400000,44450000,45360000,37515000,42350000,37620000,39200000,409860000,509245000,632100000,955273000,688144000,1339942,1064193
,"Georgia",90090000,49715000,76560000,17123994,79170000,70200000,56000000,50160000,6397395,56100000,48735000,52700000,81375000,6999729,42930000,35770000,51800000,43400000,5882115,24750000,29440000,35840000,36540000,1821933,29480000,25680000,30900000,22525000,2582860,49875000,31500000,57240000,39200000,69000000,55000000,37400000,52250000,31000000,51240000,42340000,81900000,80770000,55125000,69275000,69000000,54600000,100750000,75000000,24000000,133920000,103400000,105280000,80160000,77480000,90288000,48453000,55650000,62600000,93554000,61361000,69237000,57993000,66607000,46470000,60624000,56425000,58077000,63270000,54025000,51144000,52728000,26256000,50052000,29666000,41718000,42174000,43478000,37091000,37114000,37518000,43918000,38448000,43888000,37778000,42284000,47368000,38585000,51796000,47127000,32280000,47334000,38333000,38019000,38399000,33831000,36267000,39708000,27974000,42761000,44200000,32292000,40530000,40016000,43018000,55198000,52702000,51655000,54000000,59080000,49530000,48250000,43875000,45890000,39445000,46575000,41520000,39417000,36850000,42250000,40920000,38280000,39720000,38755000,30870000,34300000,35700000,34182000,33075000,34100000,33075000,41000000,34960000,33770000,32780000,32520000,27405000,29177000,25200000,26460000,26355000,27500000,26460000,21335000,32000000,18240000,21330000,23105000,25700000,23750000,26400000,20520000,24420000,22550000,23540000,18360000,24720000,17724000,22200000,23760000,10620000,223718000,405768000,465938000,456019000,356616000,47260,45480
,"New York",84360000,96330000,95400000,31076988,96025000,86350000,82160000,96195000,23405256,73530000,84370000,100640000,94530000,25534154,82460000,87910000,79730000,92160000,16357147,61920000,57040000,61000000,53240000,7513238,56700000,44100000,59590000,66120000,8028604,64890000,65100000,66120000,56700000,50600000,58800000,60760000,53010000,45900000,65400000,64350000,68400000,60970000,54000000,70380000,77190000,67890000,59800000,51600000,55680000,46413000,47415000,40950000,31500000,21760000,34425000,27720000,22100000,20720000,25317000,16275000,12505000,12096000,12400000,11277000,12127000,12449000,12710000,11660000,13328000,12590000,11534000,11305000,11950000,12116000,8084000,8325000,7820000,7216000,4725000,6120000,4550000,4899000,4585000,6880000,6480000,4550000,6650000,7326000,5893000,4402000,5814000,5762000,4867000,5075000,5187000,3390000,3729000,3298000,4250000,4480000,7524000,5984000,7808000,10366000,12328000,11040000,13760000,26350000,23560000,21300000,29260000,31160000,21000000,25550000,28120000,29260000,26550000,27360000,21535000,26250000,25840000,23870000,21280000,21870000,27650000,29152000,25232000,26910000,24960000,28000000,27360000,22995000,23680000,24255000,26075000,21045000,22185000,22630000,25185000,23360000,24420000,24700000,18095000,21840000,20405000,26000000,25707000,24862000,25460000,21900000,23925000,21578000,21235000,24500000,23430000,24850000,18630000,22100000,22278000,20880000,366054000,398772000,531123000,624163000,526735000,2548687,1721162
,"Maryland",68850000,55770000,72600000,22522099,72625000,65100000,74060000,55480000,22352623,60800000,62320000,75250000,66360000,12963803,45780000,45580000,61625000,48400000,11021491,59500000,54000000,65025000,50430000,5446678,55760000,62775000,33480000,43600000,6248050,64635000,42000000,46020000,32760000,58280000,42750000,53100000,44000000,27300000,35880000,42340000,70400000,69620000,37060000,65920000,69360000,46080000,58905000,57230000,43200000,57960000,50600000,46010000,42500000,35440000,37152000,41583000,39447000,31944000,43132000,19624000,35076000,27198000,20436000,21240000,22140000,25500000,22508000,23684000,11480000,25680000,18832000,18488000,20445000,21761000,20539000,18912000,17286000,18810000,15694000,17716000,17220000,16238000,10738000,15264000,14700000,15708000,15742000,16668000,17352000,17172000,16558000,13079000,14587000,14101000,17076000,6554000,14584000,14136000,16010000,15665000,18798000,13468000,19810000,20094000,20130000,20052000,21046000,20305000,22750000,21000000,19215000,20100000,18290000,20790000,21120000,19650000,18227000,20150000,19825000,20790000,22110000,20282000,17160000,19238000,21105000,16366000,19800000,17290000,22400000,21502000,18900000,16215000,16920000,18868000,21054000,18512000,17907000,19224000,19002000,16238000,16752000,15745000,16415000,17420000,12388000,15960000,15960000,15188000,14850000,15480000,15750000,13440000,14175000,13200000,13748000,12650000,11900000,13570000,14400000,15125000,245388000,332508000,387882000,464074000,364560000,213141,215112
,"Oklahoma",59800000,40180000,50660000,13415592,44250000,43200000,45210000,36180000,23535344,42350000,36120000,42630000,44950000,15358482,17480000,43520000,33600000,35200000,14243573,23100000,28750000,30000000,23750000,9135295,26250000,33600000,40600000,28600000,3793543,24650000,16250000,17655000,15225000,18225000,10925000,10032000,9360000,6840000,7062000,5310000,5830000,5250000,4144000,4500000,4500000,5250000,8250000,4225000,7790000,10070000,7280000,9152000,8370000,7476000,4774000,4836000,3224000,3782000,1200000,814000,1768000,1960000,3136000,3998000,5390000,6901000,6592000,7223000,3720000,4641000,7152000,2424000,5010000,8397000,20339000,23758000,21260000,23692000,19332000,23048000,21420000,26656000,20449000,31194000,30012000,37346000,25269000,33040000,28242000,10521000,24318000,8659000,19125000,63520000,47295000,32593000,45152000,60372000,71737000,52969000,24610000,50310000,33517000,55284000,77924000,72202000,54406000,21450000,28645000,47520000,104135000,43375000,45540000,90650000,38080000,89760000,94430000,124500000,116130000,131010000,118500000,108000000,78795000,80580000,26220000,68380000,69690000,,,,,,,,,,,,,,,,,,,,,,,,,,,,,,,,,,188846000,273564000,184220000,271695000,187920000,181500,
,"Virginia",57955000,34770000,58090000,15352359,55200000,49410000,54720000,47450000,13268625,50320000,48300000,50750000,55440000,7052606,40120000,20770000,43230000,36720000,8127979,41400000,42480000,52200000,37950000,4027621,40590000,48180000,21840000,25200000,2983204,39060000,30525000,34300000,17100000,41760000,28140000,36500000,40150000,23305000,20475000,21600000,54450000,56160000,16320000,62620000,56250000,32725000,51045000,52290000,33275000,50310000,49720000,45600000,47300000,41666000,32640000,31756000,34188000,31524000,35405000,19550000,33592000,25592000,15483000,30752000,28885000,30723000,30038000,33602000,16642000,34656000,28272000,26418000,20871000,27951000,37324000,41354000,38136000,41480000,35136000,36612000,35343000,30940000,30625000,32751000,31070000,34209000,34636000,33462000,35088000,27606000,34814000,29370000,32760000,24156000,37102000,14544000,32743000,32039000,34716000,33948000,32886000,28056000,38303000,36922000,34125000,44268000,42056000,49000000,49980000,43680000,47175000,35000000,45000000,36400000,38335000,46080000,38316000,42300000,40825000,43920000,45325000,43475000,39775000,41280000,40850000,28500000,36845000,43875000,35100000,45540000,37620000,38610000,33320000,32340000,42900000,39000000,33320000,34300000,36538000,32175000,33490000,30855000,28050000,34595000,27000000,38010000,29172000,30625000,29225000,29700000,30030000,26425000,27380000,26640000,26460000,25715000,17685000,22015000,18700000,16200000,163419000,296259000,379925000,353280000,251991000,275134,242373
,"Alabama",56440000,29120000,52480000,11995665,52160000,48980000,41895000,38220000,11095007,37800000,36015000,45315000,43365000,9368934,28500000,28750000,27000000,24440000,6966048,11880000,23800000,23985000,23180000,1320992,16050000,10725000,20600000,12600000,2179439,22140000,16500000,24960000,13750000,27730000,16800000,13920000,14580000,7480000,18000000,15390000,24375000,25025000,17995000,25080000,29150000,15228000,30622000,27200000,10875000,48000000,33000000,27090000,28060000,26160000,28170000,14708000,21582000,25596000,42253000,29648000,40635000,36210000,40222000,31460000,43890000,44330000,46982000,55614000,47675000,47736000,58870000,27573000,44880000,23969000,43339000,52524000,46920000,50652000,37950000,39230000,42144000,43274000,45356000,41134000,46603000,39698000,31168000,49896000,47662000,42200000,47944000,44286000,38320000,36398000,42658000,29096000,36260000,30984000,38724000,38236000,34788000,33768000,37692000,40651000,47502000,43572000,45009000,45250000,59365000,32000000,45965000,36400000,35750000,37395000,41250000,42470000,30809000,35560000,36250000,37555000,37100000,39000000,40350000,22780000,28380000,28930000,35277000,41075000,30600000,32500000,43090000,37950000,27140000,31330000,35560000,26145000,35391000,33615000,33210000,29875000,30550000,30160000,26220000,32200000,22440000,21960000,25494000,27300000,24120000,26325000,24310000,21875000,19500000,20520000,16280000,17955000,17160000,17750000,18200000,9450000,126672000,276570000,251859000,308266000,251757000,,
,"South Carolina",54000000,29795000,52500000,13676663,51430000,48840000,37100000,39370000,13000804,44450000,24180000,32760000,43215000,11001068,21450000,28140000,35520000,19845000,10192657,31900000,32490000,29500000,22575000,2397495,25920000,18200000,19250000,11000000,3438160,30020000,24115000,29325000,9600000,30800000,21675000,15360000,30940000,19430000,29250000,21160000,45760000,34866000,17050000,33440000,33060000,24720000,40720000,31350000,26910000,52026000,37400000,33418000,24940000,24375000,27378000,12069000,21150000,20640000,26350000,16380000,19890000,17600000,18582000,16450000,18447000,23010000,19370000,24300000,20852000,18102000,27440000,10070000,21762000,17805000,25260000,30164000,27593000,26344000,26422000,26178000,23613000,25012000,25624000,20836000,21694000,24984000,24444000,26361000,23650000,21654000,22825000,18302000,23084000,17743000,23012000,21648000,19416000,16212000,21808000,19446000,19088000,19312000,26535000,27072000,28440000,28322000,28048000,30112000,34410000,26850000,27900000,26560000,28380000,24650000,23490000,25600000,20894000,18480000,22950000,19500000,17600000,22910000,20500000,20520000,11550000,12180000,17395000,18480000,17115000,18590000,20700000,19440000,12640000,16275000,15180000,13600000,13770000,10840000,13600000,12015000,14490000,12240000,10560000,14575000,8610000,11875000,11727000,13300000,12500000,11700000,10735000,11880000,9690000,11655000,10900000,10670000,7600000,11220000,10120000,6175000,135567000,286125000,267546000,305494000,212942000,18000,
,"Idaho",36800000,24720000,23345000,7000677,24150000,25870000,30750000,26625000,10242138,18800000,14490000,16000000,20815000,5521619,22680000,20900000,14800000,13600000,4584232,11050000,10200000,13125000,7000000,720049,6750000,9120000,8525000,7800000,1803717,5400000,4900000,4900000,5625000,4290000,7875000,3900000,6250000,6500000,6500000,7800000,10000000,8850000,7735000,8520000,7475000,5250000,4400000,5046000,3440000,3485000,2739000,3010000,2848000,2523000,2739000,2835000,2380000,1968000,1782000,1386000,1500000,1490000,1680000,1725000,1794000,1596000,1888000,1595000,1520000,1065000,930000,854000,722000,696000,666000,642000,708000,833000,792000,722000,688000,790000,782000,1517000,1763000,1620000,1425000,1290000,1505000,1280000,819000,652000,1050000,1044000,988000,874000,710000,592000,1040000,958000,1224000,1147000,1386000,980000,726000,1026000,770000,1406000,780000,690000,768000,609000,480000,442000,360000,320000,346000,290000,310000,284000,261000,236000,290000,270000,250000,340000,267000,230000,228000,200000,112000,86000,39000,50000,,,,,,,,,,,,,,,,,,,,,,,,,,,143376000,129098000,167152000,146108000,124176000,507586,286596
,"Delaware",30227000,27702000,32508000,10343775,30728000,28160000,28980000,23925000,10519554,27880000,31488000,33600000,28884000,8628682,23660000,19722000,23635000,19000000,6136364,23345000,22022000,23256000,19926000,4420660,23652000,25110000,13706000,15500000,3939485,22022000,15120000,18750000,13600000,19159000,17914000,19780000,13300000,9800000,11100000,14027000,19075000,16950000,10875000,18054000,15385000,12744000,16218000,15072000,9688000,17160000,15640000,12600000,14450000,13860000,10530000,14060000,14040000,8673000,15403000,7942000,14925000,8216000,7897000,8118000,7316000,9362000,7650000,7812000,3930000,8928000,5832000,6068000,8320000,8526000,7238000,6916000,4456000,3904000,4221000,4422000,4420000,3544000,3250000,3828000,3724000,3562000,3780000,4031000,4031000,4002000,4002000,3915000,3692000,4004000,4118000,2680000,3510000,3564000,3799000,3484000,3930000,3192000,4712000,4266000,5780000,5406000,3762000,5070000,5945000,5365000,4850000,5518000,4717000,5220000,5394000,5022000,4838000,4940000,4845000,4940000,5320000,5265000,4950000,4992000,5114000,3900000,4816000,4800000,4944000,5618000,4439000,4095000,3920000,4455000,4776000,4410000,3469000,3977000,4320000,3686000,4192000,3920000,3861000,4000000,3000000,4160000,3899000,3737000,3636000,4000000,4400000,3510000,3120000,3780000,4620000,3792000,3075000,4305000,2800000,4600000,121889000,148887000,177154000,201268000,157696000,10400,17278
,"Washington",23500000,20680000,18000000,11895104,21080000,19380000,19908000,18480000,10494691,19975000,16125000,23650000,22575000,7685132,28125000,25625000,22575000,18450000,5642079,15750000,16400000,21000000,13650000,5435706,10450000,18500000,18000000,19000000,5337047,22200000,19380000,19425000,15200000,15840000,15840000,14000000,15750000,13600000,13600000,20400000,21600000,23250000,17600000,24000000,14820000,11000000,11931000,7410000,7616000,4708000,3536000,2475000,3996000,4644000,6222000,4558000,3531000,1940000,1656000,1932000,1725000,2208000,2640000,2625000,2838000,4316000,5063000,3150000,1817000,1406000,1440000,1518000,884000,512000,544000,480000,468000,330000,392000,385000,357000,405000,490000,495000,528000,494000,492000,560000,666000,442000,360000,318000,483000,480000,468000,456000,355000,418000,396000,497000,648000,510000,578000,702000,1026000,980000,1155000,1828000,1683000,1560000,1392000,1254000,1189000,1036000,972000,884000,825000,667000,715000,600000,440000,456000,414000,408000,280000,308000,314000,225000,292000,336000,198000,215000,205000,220000,226000,200000,165000,176000,158000,126000,138000,141000,105000,86000,,,,,,,,,,,,,,,,,104434000,93600000,124080000,133015000,91086000,614712,471515
,"Arizona",,4275000,7828000,8504672,3258000,5858000,8547000,4400000,4406394,10750000,7560000,5880000,9027000,3433251,6230000,4620000,3500000,2475000,1972941,3060000,4290000,4860000,4180000,1823260,5824000,6468000,5850000,5250000,6746362,7000000,3740000,2550000,1600000,1870000,850000,1120000,1885000,2015000,2100000,2100000,1820000,2430000,1885000,2376000,3900000,3500000,5175000,5750000,5000000,1680000,396000,340000,288000,525000,512000,360000,540000,544000,777000,684000,560000,567000,450000,408000,378000,346000,385000,576000,854000,1050000,1000000,448000,405000,350000,262000,375000,388000,356000,356000,276000,276000,230000,276000,288000,334000,297000,272000,348000,351000,405000,312000,310000,450000,375000,315000,323000,252000,374000,552000,308000,304000,226000,437000,391000,399000,273000,462000,540000,532000,430000,380000,360000,323000,336000,285000,270000,332000,320000,322000,292000,280000,180000,264000,185000,222000,192000,229000,228000,220000,200000,160000,136000,111000,90000,76000,76000,76000,80000,57000,66000,66000,63000,60000,63000,,,,,,,,,,,,,,,,,28215000,51117000,84645000,24924000,31633000,,
,"California",,9100000,7120000,2087645,9400000,11220000,10080000,11245000,6089428,18500000,9420000,15675000,34380000,11279969,27150000,34560000,28800000,33150000,10898186,18150000,22360000,26250000,22400000,10031303,27200000,34850000,31450000,39200000,12556612,35200000,24000000,30600000,28050000,24750000,18400000,25600000,29600000,27115000,35360000,38000000,46400000,51000000,33280000,42900000,35750000,36450000,30420000,35406000,28652000,31900000,27686000,24075000,24675000,21500000,23500000,19894000,16284000,17575000,18480000,16560000,12816000,8774000,7546000,5929000,6552000,9360000,11857000,12320000,15984000,12456000,12144000,5871000,1702000,1872000,1410000,1806000,1240000,1095000,945000,1120000,986000,1260000,1482000,1476000,1575000,1330000,1206000,1584000,1606000,1548000,1505000,1443000,1504000,1870000,1656000,1505000,1360000,1089000,1155000,1174000,1295000,1147000,1742000,1584000,1890000,2739000,3510000,4760000,4000000,3200000,3610000,2952000,2196000,2400000,2244000,2110000,1770000,1595000,1830000,1922000,1952000,1711000,1891000,1920000,1922000,1550000,1863000,1275000,2142000,1876000,2518000,1950000,2754000,2470000,2535000,2541000,2576000,2550000,2280000,2508000,1900000,2625000,2291000,2016000,2130000,2304000,2016000,1820000,1722000,1378000,1275000,1254000,1178000,1247000,1010000,1175000,1316000,1410000,1215000,1176000,41405000,42150000,27258000,68620000,53295000,116848,573436
,"Connecticut",,,,2850,,,,,304978,,,,,322618,,,,,424350,,,,,361647,,,,,612648,,,,,,,,,,,,,,,,,,,,,,,,,,,,,,,72000,65000,71000,150000,146000,136000,201000,198000,201000,171000,228000,188000,208000,200000,220000,288000,282000,270000,287000,432000,414000,405000,410000,400000,378000,336000,320000,410000,396000,468000,494000,546000,532000,555000,546000,520000,480000,504000,504000,525000,656000,968000,648000,902000,1000000,1800000,1596000,1806000,3036000,2376000,2059000,2542000,2542000,1984000,2600000,2409000,2795000,2368000,2623000,1800000,2460000,2562000,2348000,1364000,2040000,2262000,2183000,2378000,2280000,1972000,2250000,2460000,2036000,1710000,2252000,2252000,2072000,2038000,2072000,2194000,2052000,2223000,2128000,1988000,1396000,1708000,1932000,1887000,2044000,1732000,1898000,1775000,1704000,1410000,1776000,1820000,1755000,1595000,1898000,1972000,1938000,,,,,,,
,"Florida",,6627000,9796000,2864607,11616000,8418000,8694000,9734000,1268505,5800000,7050000,5400000,10374000,603570,3432000,2725000,3589000,3850000,1076062,2460000,2632000,2880000,3198000,674545,2262000,1875000,3720000,3410000,189582,9856000,5400000,6800000,6500000,8250000,5100000,5325000,5920000,3770000,7245000,9920000,12350000,13650000,8174000,13860000,18639000,16072000,17967000,17784000,10465000,28800000,16875000,18048000,14620000,14122000,15386000,7275000,12753000,16632000,23050000,15437000,15488000,9628000,13400000,11803000,11620000,8903000,8502000,7925000,7245000,6993000,7060000,5882000,5940000,5812000,6318000,4858000,4300000,4240000,5904000,5260000,5445000,5775000,6842000,6325000,6070000,7280000,5330000,7287000,6740000,6669000,7560000,5960000,5904000,6094000,5967000,5598000,6620000,6831000,6310000,8046000,8114000,7068000,6752000,8675000,10179000,8591000,9085000,9028000,8395000,8250000,7740000,7312000,7080000,5900000,7020000,7200000,7076000,5800000,5950000,6100000,5842000,5950000,6248000,5015000,5130000,4888000,5320000,4635000,4590000,4500000,6050000,4892000,4545000,4410000,4950000,4165000,4753000,4418000,4322000,4180000,3990000,3848000,3800000,3900000,3240000,3562000,3168000,3420000,3150000,3088000,2755000,2800000,2750000,2295000,2125000,2362000,2255000,1890000,1668000,1125000,30153000,52409000,68145000,69928000,47730000,900,
,"Hawaii",,,,500,,,,,360000,,,,,229264,,,,,124878,,,,,203391,,,,,,,,,,,,,,,,,,,,,,,,,,,,,,,,,,,,,,,,,,,,,,,,,,,,,,,,,,,,,,,,,,,,,,,,,,,,,,,,,,,,,,,,,,,,,,,,,,,,,,,,,,,,,,,,,,,,,,,,,,,,,,,,,,,,,,,,,,,,,,,
,"Maine",,,,283010,,,,,283533,,,,,286020,,,,,419517,,,,,295847,,,,,,,,,,,,,,,,,,,,,,,,,,,,,,,,,,,,,,,,,,,,,,,39000,34000,39000,31000,72000,68000,84000,64000,80000,111000,78000,78000,117000,123000,120000,117000,205000,126000,76000,117000,114000,105000,160000,123000,76000,78000,80000,40000,37000,36000,36000,40000,78000,120000,168000,220000,287000,900000,690000,586000,759000,874000,678000,744000,1040000,1032000,840000,978000,874000,960000,1050000,925000,754000,672000,1120000,1040000,996000,960000,748000,1152000,1271000,1240000,960000,1065000,1125000,924000,980000,645000,1080000,942000,986000,924000,960000,868000,1008000,961000,961000,1224000,1050000,868000,882000,775000,962000,1258000,1220000,1505000,1056000,1480000,1575000,1590000,,,,,,,7534
,"Massachusetts",,,,678,,,,,1260,,,,,35613,,,,,372853,,,,,346592,,,,,594115,,,,,,,,,,,,,,,,,,,,,,,,,,,,,,,144000,150000,136000,140000,142000,128000,128000,189000,192000,171000,159000,156000,162000,156000,265000,270000,235000,225000,205000,282000,276000,225000,273000,294000,264000,246000,246000,328000,304000,328000,378000,410000,369000,360000,360000,387000,450000,351000,390000,504000,308000,528000,400000,516000,704000,1056000,880000,1363000,2684000,2241000,1848000,2218000,2358000,2118000,2451000,2490000,2654000,2370000,2596000,2262000,2537000,2478000,2320000,1652000,2170000,2580000,2340000,2325000,2240000,1904000,2580000,2508000,1966000,2052000,2252000,2268000,2028000,2072000,1944000,2228000,2200000,2106000,2145000,1960000,1485000,1755000,2052000,1813000,1776000,1900000,1598000,1387000,1344000,1540000,1739000,1813000,1581000,1776000,2160000,2343000,2380000,,,,,,,
,"Montana",,6715000,8772000,671128,6000000,6649000,5700000,5780000,869240,5500000,5500000,7500000,8625000,760024,4572000,4590000,3952000,4270000,5147840,2628000,2516000,2145000,2380000,1584039,1924000,2240000,1980000,2070000,1671004,2055000,1920000,2295000,2100000,2750000,1800000,855000,320000,2200000,1575000,1495000,1045000,1380000,1365000,1400000,850000,592000,770000,720000,748000,825000,730000,845000,803000,468000,532000,288000,438000,300000,476000,320000,168000,236000,400000,196000,174000,144000,192000,204000,248000,159000,225000,135000,294000,138000,176000,300000,190000,594000,484000,273000,287000,568000,663000,1010000,1395000,1034000,867000,880000,559000,154000,432000,183000,325000,675000,256000,275000,264000,360000,629000,550000,725000,1134000,2070000,1140000,768000,608000,162000,2100000,1012000,1474000,1600000,1325000,870000,660000,530000,368000,288000,230000,224000,210000,162000,162000,140000,135000,100000,45000,69000,72000,42000,66000,46000,66000,55000,50000,,,,,,,,,,,,,,,,,,,,,,,,,,,33575000,45264000,55332000,41400000,29256000,41333,
,"Nevada",,,,9305,,,,,979346,,,,,290681,,,,,73176,,,,,34447,,,,,37232,,,,,,,,,,,,,,,,,,,,,,,,,,,,,,,,,,,,,,,50000,50000,50000,,,,,,,,,32000,35000,32000,32000,60000,60000,56000,62000,63000,32000,32000,30000,30000,31000,22000,24000,24000,25000,30000,25000,25000,24000,25000,22000,23000,21000,29000,32000,27000,64000,68000,32000,30000,33000,35000,30000,32000,30000,36000,,,,,,,,,,,,,,,,,,,,,,,,,,,,,,,,,,,,,,,,,,,,,,,,,,
,"New Hampshire",,,,360,,,,,34202,,,,,800,,,,,27547,,,,,113240,,,,,133310,,,,,,,,,,,,,,,,,,,,,,,,,,,,,,,,,,,,,,,,,,51000,46000,45000,42000,86000,96000,96000,74000,90000,126000,84000,129000,126000,86000,86000,80000,126000,164000,120000,123000,164000,164000,164000,160000,129000,129000,123000,120000,123000,126000,132000,123000,168000,258000,368000,405000,420000,792000,714000,638000,897000,920000,775000,1080000,1092000,1204000,1015000,1174000,1040000,1162000,1290000,930000,858000,1080000,1468000,1445000,1428000,1419000,1156000,1764000,1742000,1482000,1482000,1577000,1596000,1368000,1539000,1102000,1558000,1558000,1634000,1560000,1520000,944000,1424000,1498000,1365000,1388000,1476000,1400000,1458000,1295000,1406000,1521000,1560000,1443000,1190000,1521000,1600000,1435000,,,,,,,
,"New Jersey",,9577000,10920000,916690,11247000,11388000,10540000,8460000,1373133,10295000,10584000,12403000,11120000,955310,9963000,8094000,10010000,8584000,852000,8256000,7564000,10296000,6893000,1217139,7392000,10050000,2220000,9016000,561000,11844000,7254000,9639000,7680000,9840000,8470000,8850000,7242000,5530000,8840000,10058000,11990000,10593000,6120000,11400000,12870000,8850000,8550000,9373000,6930000,9890000,7290000,7221000,5925000,3848000,5395000,5304000,5379000,3618000,6336000,2438000,4154000,3565000,3720000,5694000,5772000,7668000,7770000,7326000,2220000,9380000,3724000,6816000,7576000,7612000,7088000,6534000,5066000,6600000,5246000,5625000,5562000,4388000,4445000,6003000,5070000,4978000,4782000,5256000,6123000,5180000,6888000,5548000,5400000,5680000,5772000,4760000,4978000,5069000,5760000,6794000,7820000,5247000,6840000,7392000,8595000,8858000,8892000,9100000,9435000,9468000,9648000,10072000,10374000,10101000,10374000,9828000,10292000,11000000,10008000,10256000,9940000,10934000,6248000,11124000,10840000,10428000,11755000,11112000,10562000,11088000,9990000,9324000,8840000,11151000,13357000,12852000,11531000,12250000,12250000,10930000,11900000,11696000,11451000,10664000,9099000,11624000,11178000,11360000,11550000,10325000,11560000,8542000,10720000,12070000,11040000,11390000,9240000,10395000,10725000,10238000,40702000,49686000,43044000,72881000,64912000,22970,
,"New Mexico",,7379000,7285000,3852093,7176000,7215000,6480000,6545000,4573400,6150000,7200000,9360000,7220000,5490,8100000,11880000,9500000,10175000,6259195,8325000,9625000,10440000,8640000,3656007,8280000,10560000,14940000,14025000,5172186,14700000,11680000,12750000,14025000,11360000,9900000,7975000,9600000,8525000,7595000,9300000,10075000,9450000,7000000,8125000,8320000,6750000,8436000,7632000,10260000,10080000,7500000,3773000,2030000,1800000,935000,1026000,1176000,1100000,800000,546000,585000,546000,481000,432000,525000,663000,660000,728000,728000,540000,752000,615000,341000,435000,558000,858000,1238000,1095000,1204000,1680000,1560000,2349000,2058000,2752000,2640000,1971000,2057000,2156000,2394000,1750000,2394000,980000,2506000,2725000,3536000,2674000,3841000,3165000,1876000,2835000,2635000,2268000,2349000,1424000,4758000,4820000,4767000,3705000,2728000,2722000,3024000,3128000,1755000,2376000,2496000,1755000,2126000,1920000,1680000,1738000,1505000,1064000,1210000,980000,1127000,832000,689000,779000,777000,700000,742000,680000,638000,570000,680000,756000,714000,714000,731000,742000,752000,770000,782000,799000,,,,,,,,,,,,,,,,,40585000,42982000,38889000,41262000,33911000,337125,197259
,"Oregon",,11856000,11770000,5230857,13200000,15665000,11613000,7800000,5055219,8970000,5640000,7410000,6768000,2023059,10965000,7600000,6880000,6435000,1435419,5220000,4000000,4760000,5100000,17328,2520000,4860000,5250000,6270000,1747490,6105000,3360000,3400000,2945000,2250000,2190000,2700000,3520000,3002000,3960000,4800000,6600000,6678000,5346000,6240000,2970000,1430000,1260000,1326000,1140000,950000,680000,736000,630000,648000,680000,780000,756000,539000,702000,814000,897000,816000,1278000,1460000,1632000,2277000,1965000,1775000,1434000,1105000,1300000,786000,550000,550000,600000,440000,522000,440000,534000,438000,407000,505000,825000,828000,1138000,1024000,1078000,928000,1394000,1216000,960000,780000,1054000,928000,800000,806000,800000,957000,837000,660000,638000,610000,875000,640000,715000,742000,848000,1870000,1664000,1711000,1470000,1125000,1197000,1180000,994000,875000,887000,736000,780000,832000,690000,754000,725000,644000,567000,552000,506000,462000,540000,418000,425000,408000,360000,308000,357000,280000,236000,264000,234000,230000,180000,212000,168000,144000,132000,132000,135000,150000,150000,162000,125000,100000,104000,106000,100000,69000,75000,,,,65801000,66971000,79881000,95436000,85374000,1427075,
,"Rhode Island",,,,300,,,,,1392,,,,,5400,,,,,3207,,,,,3616,,,,,,,,,,,,,,,,,,,,,,,,,,,,,,,,,,,,,,,,,,,,,,,46000,36000,47000,45000,41000,43000,43000,39000,44000,39000,40000,37000,38000,41000,39000,38000,72000,72000,76000,74000,76000,68000,82000,38000,43000,82000,82000,80000,105000,80000,129000,120000,120000,164000,180000,190000,294000,552000,533000,363000,480000,492000,420000,480000,420000,456000,363000,400000,315000,407000,429000,374000,319000,378000,374000,368000,389000,385000,408000,432000,468000,422000,364000,490000,462000,442000,422000,436000,442000,410000,429000,390000,429000,312000,336000,384000,377000,384000,363000,352000,310000,363000,305000,346000,346000,358000,324000,363000,366000,378000,,,,,,,
,"Utah",,4008000,4995000,1017941,3043000,4321000,3718000,4004000,2122117,5075000,2941000,4480000,5270000,1587839,4920000,4094000,2550000,3611000,3249594,2669000,1956000,1860000,2015000,2134158,2130000,2592000,2860000,3384000,2642441,2780000,2000000,2860000,2860000,3240000,2940000,2660000,2640000,2728000,2800000,2250000,1840000,1888000,1540000,2006000,1650000,1500000,1504000,1440000,1157000,1350000,1290000,1120000,1144000,736000,1170000,900000,510000,210000,228000,160000,225000,210000,140000,189000,204000,192000,328000,165000,225000,162000,129000,170000,220000,184000,205000,250000,156000,140000,190000,145000,180000,154000,228000,210000,240000,290000,227000,286000,297000,286000,236000,85000,138000,252000,176000,224000,224000,174000,150000,144000,168000,161000,199000,171000,160000,300000,269000,540000,460000,322000,286000,300000,264000,258000,230000,184000,187000,220000,215000,235000,240000,235000,242000,231000,236000,242000,239000,252000,264000,246000,273000,247000,258000,198000,247000,221000,191000,260000,280000,260000,329000,221000,273000,273000,,,,,,,,,,,,,,,,,22846000,29471000,16748000,19932000,23117000,,27966
,"Vermont",,,,1017798,,,,,405229,,,,,459982,,,,,773897,,,,,624813,,,,,941648,,,,,,,,,,,,,,,,,,,,,,,,,,,,,,,76000,73000,69000,69000,70000,64000,62000,63000,61000,60000,50000,55000,51000,50000,98000,141000,144000,96000,88000,82000,123000,114000,158000,160000,164000,156000,140000,304000,380000,304000,370000,481000,494000,468000,410000,336000,252000,234000,205000,273000,258000,380000,320000,315000,560000,782000,836000,924000,2625000,3154000,2840000,3526000,3480000,2870000,3034000,3440000,3570000,3024000,3560000,3160000,3485000,3569000,3782000,2776000,2288000,3960000,3960000,3332000,3612000,2870000,3784000,3868000,3321000,3397000,3272000,3354000,2812000,3052000,2362000,3268000,3157000,3038000,2810000,2662000,2618000,2607000,2479000,2372000,2432000,2457000,2166000,2109000,2016000,2175000,2460000,2130000,2370000,1938000,2308000,2145000,1972000,,,,,,72043,64749
,"West Virginia",,2860000,4350000,1222845,4752000,4752000,6270000,5016000,182004,5075000,5180000,5364000,5292000,231262,3534000,2610000,3780000,3380000,237769,3120000,3052000,3799000,3105000,197210,3120000,4550000,1300000,2720000,324448,4200000,4000000,3675000,3655000,5400000,2850000,5250000,4370000,2320000,3600000,5400000,7665000,8100000,4680000,7840000,7728000,5696000,5251000,4466000,3996000,5368000,5525000,5016000,5229000,3975000,4071000,3551000,3479000,2773000,3584000,2256000,2900000,2822000,3072000,3763000,4240000,5096000,5439000,5886000,4242000,6800000,5967000,8370000,6401000,7667000,7644000,8177000,10384000,11836000,11398000,9656000,10619000,9207000,12492000,12285000,11520000,11372000,12648000,10918000,12458000,10281000,13650000,12005000,13824000,10920000,13048000,4600000,11656000,11156000,10608000,11648000,12663000,9706000,13076000,13804000,14392000,15418000,17040000,16065000,16510000,15502000,17920000,15930000,16740000,18880000,14625000,14850000,17330000,15558000,15360000,19238000,19720000,16905000,14835000,19345000,15840000,19110000,16602000,18720000,16685000,19845000,17500000,11900000,12350000,13750000,15860000,12600000,13920000,14822000,11408000,14100000,14640000,10175000,11932000,12995000,9435000,13965000,14093000,13965000,11970000,13320000,13125000,9890000,10928000,11270000,10235000,10790000,8127000,8750000,7425000,7800000,12870000,21750000,34776000,28987000,22334000,13744,
,"Wyoming",,10230000,8721000,1309436,10428000,6588000,8241000,11480000,1018551,10143000,9381000,8280000,8509000,1424548,9100000,6150000,6300000,6968000,2079181,5805000,6860000,6550000,6450000,12378,6375000,7656000,6136000,7620000,39427,6150000,4992000,5856000,3520000,5194000,5831000,6000000,3895000,6466000,4551000,5814000,5194000,6000000,7072000,5145000,5060000,3589000,2523000,2754000,2550000,1914000,1600000,2059000,2670000,2295000,2262000,1950000,1595000,1650000,1400000,910000,700000,798000,935000,320000,1200000,1020000,1243000,765000,924000,702000,540000,231000,161000,242000,210000,304000,265000,240000,368000,432000,478000,486000,660000,840000,1156000,660000,737000,1188000,1500000,693000,1610000,281000,1080000,830000,756000,1480000,1064000,1104000,1720000,1380000,1832000,903000,1584000,1092000,1020000,925000,390000,1292000,1098000,648000,644000,684000,525000,420000,228000,90000,228000,135000,148000,158000,152000,120000,105000,114000,98000,62000,77000,64000,72000,60000,42000,60000,45000,51000,38000,34000,36000,,,,,,,,,,,,,,,,,,,,,,,,58311000,51454000,67687000,62568000,26023000,,
,"United States",16737832000,14866744000,15340520000,5551769261,15017788000,14086699000,13568306000,14321674000,5425474780,15148038000,13601964000,14217292000,13830704000,3668680406,12313956000,12425330000,13067156000,12043203000,4296427937,10531123000,11112187000,11805581000,10087292000,1804032303,9502580000,9915051000,9430612000,9758685000,1291307233,9232557000,7400051000,10050520000,6337730000,9476698000,7474765000,7934028000,7531953000,4928681000,7131300000,8225764000,8875453000,7672130000,4174251000,8235101000,8118650000,6639396000,7928139000,7267927000,6505041000,6289169000,5840757000,4701402000,5670712000,5579832000,5646260000,4152243000,4687057000,4449542000,4860372000,4167608000,4102867000,3484253000,4019238000,3606311000,3597803000,3906949000,3824598000,3356205000,3045355000,3075336000,2872959000,2707913000,2881801000,2980793000,2628937000,2764071000,2946206000,3307038000,2108320000,2916089000,2577449000,2801612000,2668490000,2801819000,2414445000,2206882000,2341602000,2300095000,2349425000,1258673000,2001367000,1146734000,2104725000,2578685000,2229903000,1757297000,2135038000,2260990000,2218189000,2140207000,2382288000,1860112000,2429551000,2229496000,2556924000,2695085000,2341870000,2441249000,2908242000,2425206000,2829044000,2523750000,2272540000,2947842000,2474635000,2852794000,2611157000,2566742000,2613797000,3032910000,2954148000,2686624000,2515093000,2773954000,1715752000,2661978000,2645796000,2351323000,2287628000,2671048000,2534762000,1615016000,1900401000,1897412000,2335804000,1650446000,2294289000,2250632000,1604549000,1782767000,2057807000,1947838000,1652148000,1755272000,1244803000,1706673000,1751984000,1564537000,1515862000,1478173000,1450276000,1058778000,1008326000,1279369000,1141715000,1124775000,782084000,919590000,793905000,730814000,,,,,,,