"stateFlagCode","state","WheatProductionByState_2025","WheatProductionByState_2024","WheatProductionByState_2023","WheatProductionByState_2022","WheatProductionByState_2021","WheatProductionByState_2020","WheatProductionByState_2019","WheatProductionByState_2018","WheatProductionByState_2017","WheatProductionByState_2016","WheatProductionByState_2015","WheatProductionByState_2014","WheatProductionByState_2013","WheatProductionByState_2012","WheatProductionByState_2011","WheatProductionByState_2010","WheatProductionByState_2009","WheatProductionByState_2008","WheatProductionByState_2007","WheatProductionByState_2006","WheatProductionByState_2005","WheatProductionByState_2004","WheatProductionByState_2003","WheatProductionByState_2002","WheatProductionByState_2001","WheatProductionByState_2000","WheatProductionByState_1999","WheatProductionByState_1998","WheatProductionByState_1997","WheatProductionByState_1996","WheatProductionByState_1995","WheatProductionByState_1994","WheatProductionByState_1993","WheatProductionByState_1992","WheatProductionByState_1991","WheatProductionByState_1990","WheatProductionByState_1989","WheatProductionByState_1988","WheatProductionByState_1987","WheatProductionByState_1986","WheatProductionByState_1985","WheatProductionByState_1984","WheatProductionByState_1983","WheatProductionByState_1982","WheatProductionByState_1981","WheatProductionByState_1980","WheatProductionByState_1979","WheatProductionByState_1978","WheatProductionByState_1977","WheatProductionByState_1976","WheatProductionByState_1975","WheatProductionByState_1974","WheatProductionByState_1973","WheatProductionByState_1972","WheatProductionByState_1971","WheatProductionByState_1970","WheatProductionByState_1969","WheatProductionByState_1968","WheatProductionByState_1967","WheatProductionByState_1966","WheatProductionByState_1965","WheatProductionByState_1964","WheatProductionByState_1963","WheatProductionByState_1962","WheatProductionByState_1961","WheatProductionByState_1960","WheatProductionByState_1959","WheatProductionByState_1958","WheatProductionByState_1957","WheatProductionByState_1956","WheatProductionByState_1955","WheatProductionByState_1954","WheatProductionByState_1953","WheatProductionByState_1952","WheatProductionByState_1951","WheatProductionByState_1950","WheatProductionByState_1949","WheatProductionByState_1948","WheatProductionByState_1947","WheatProductionByState_1946","WheatProductionByState_1945","WheatProductionByState_1944","WheatProductionByState_1943","WheatProductionByState_1942","WheatProductionByState_1941","WheatProductionByState_1940","WheatProductionByState_1939","WheatProductionByState_1938","WheatProductionByState_1937","WheatProductionByState_1936","WheatProductionByState_1935","WheatProductionByState_1934","WheatProductionByState_1933","WheatProductionByState_1932","WheatProductionByState_1931","WheatProductionByState_1930","WheatProductionByState_1929","WheatProductionByState_1928","WheatProductionByState_1927","WheatProductionByState_1926","WheatProductionByState_1925","WheatProductionByState_1924","WheatProductionByState_1923","WheatProductionByState_1922","WheatProductionByState_1921","WheatProductionByState_1920","WheatProductionByState_1919","WheatProductionByState_1918","WheatProductionByState_1917","WheatProductionByState_1916","WheatProductionByState_1915","WheatProductionByState_1914","WheatProductionByState_1913","WheatProductionByState_1912","WheatProductionByState_1911","WheatProductionByState_1910","WheatProductionByState_1909","WheatProductionByState_1908","WheatProductionByState_1907","WheatProductionByState_1906","WheatProductionByState_1905","WheatProductionByState_1904","WheatProductionByState_1903","WheatProductionByState_1902","WheatProductionByState_1901","WheatProductionByState_1900","WheatProductionByState_1899","WheatProductionByState_1898","WheatProductionByState_1897","WheatProductionByState_1896","WheatProductionByState_1895","WheatProductionByState_1894","WheatProductionByState_1893","WheatProductionByState_1892","WheatProductionByState_1891","WheatProductionByState_1890","WheatProductionByState_1889","WheatProductionByState_1888","WheatProductionByState_1887","WheatProductionByState_1886","WheatProductionByState_1885","WheatProductionByState_1884","WheatProductionByState_1883","WheatProductionByState_1882","WheatProductionByState_1881","WheatProductionByState_1880","WheatProductionByState_1879","WheatProductionByState_1878","WheatProductionByState_1877","WheatProductionByState_1876","WheatProductionByState_1875","WheatProductionByState_1874","WheatProductionByState_1873","WheatProductionByState_1872","WheatProductionByState_1871","WheatProductionByState_1870","WheatProductionByState_1869","WheatProductionByState_1868","WheatProductionByState_1867","WheatProductionByState_1866"
,"Kansas",346800000,307450000,201250000,123015005,364000000,281250000,348400000,277400000,154271793,467400000,321900000,246400000,321100000,164814553,278250000,360000000,375900000,360000000,125109920,291200000,380000000,314500000,480000000,84440717,328000000,347800000,432400000,494900000,166162626,255200000,286000000,433200000,388500000,363800000,363000000,472000000,213600000,323000000,366300000,336600000,433200000,431200000,448200000,458500000,302500000,420000000,410400000,300000000,344850000,339000000,350900000,319000000,384800000,314900000,312605000,299013000,305319000,253526000,221620000,200070000,236386000,208780000,185480000,211171000,273718000,294376000,211744000,297340000,100111000,143282000,128385000,176208000,144662000,307629000,126113000,178060000,157069000,231368000,286702000,212977000,207939000,187700000,144241000,200101000,173332000,126553000,114858000,152163000,158052000,120234000,64055000,84323000,66931000,120178000,251885000,186277000,155563000,173185000,114216000,153991000,80539000,157022000,83804000,124809000,133964000,144933000,153311000,97710000,42785000,97980000,106478000,172750000,86790000,93695000,56799000,60475000,77451000,84625000,75680000,84245000,78120000,63750000,92430000,47300000,89420000,78078000,38801000,68700000,51850000,45385000,19120000,40530000,31410000,63720000,58560000,32400000,30394000,16350000,11780000,15180000,14385000,39420000,21350000,32000000,20710000,23400000,17307000,27280000,13784000,14500000,12495000,9658000,4340000,2139000,2704000,2418000,2416000,1436000,1112000,1292000
,"North Dakota",334055000,367695000,306390000,197019026,196195000,312587000,321185000,363483000,151203464,332978000,370023000,347068000,273343000,206813978,199858000,356600000,377190000,307415000,173119536,251590000,303480000,306425000,316970000,113048852,292400000,316985000,242280000,307700000,124646448,395130000,300300000,356404000,336610000,472890000,303670000,385220000,242320000,103390000,269120000,292320000,323255000,284190000,194130000,324835000,328260000,179650000,252235000,286065000,229907000,287830000,264392000,210752000,241586000,216818000,291574000,156564000,208360000,214840000,181248000,153926000,177915000,151073000,125608000,156423000,69432000,127500000,97492000,147372000,119227000,118824000,109336000,69155000,97304000,100359000,145732000,123986000,112357000,140234000,146383000,139824000,154568000,156321000,151387000,143616000,140722000,92745000,75753000,72719000,54984000,19235000,54714000,20908000,71314000,110396000,41042000,107328000,99950000,155482000,133537000,77733000,113531000,132715000,68655000,130339000,87733000,86214000,61256000,103270000,61800000,50580000,159290000,99000000,97440000,147040000,79220000,50505000,117103000,91780000,68750000,96450000,98880000,73710000,61600000,55335000,53250000,14310000,60088000,64800000,44205000,39625000,73080000,41750000,34440000,40000000,66010000,29600000,25802000,27000000,36000000,24360000,25840000,18240000,12500000,9122000,4500000,2340000,1742000,,,,,,,,,,,,,
,"Montana",181690000,172120000,185505000,113171534,100610000,228680000,217725000,197630000,106983744,210875000,188515000,209470000,201635000,137120936,174970000,214180000,175125000,164920000,108043576,153075000,192480000,173165000,142330000,78318416,96570000,135210000,154310000,168790000,111462012,174980000,195750000,170590000,206334000,149151000,163507000,145865000,145030000,59970000,151220000,138520000,50240000,104655000,136930000,180320000,172830000,119800000,116475000,146050000,130920000,167295000,155925000,120108000,96714000,98831000,112011000,85167000,99754000,125869000,119136000,99694000,105350000,93752000,92294000,79332000,54048000,79397000,77974000,101882000,83815000,86983000,109350000,82865000,114232000,84133000,95033000,91434000,61189000,93718000,65346000,62888000,57145000,75497000,80028000,69836000,68239000,51676000,46112000,64837000,20401000,11866000,34157000,27624000,26810000,54593000,14478000,35313000,41290000,79146000,81713000,44773000,34998000,50422000,49107000,52533000,42034000,44768000,8493000,42800000,29365000,45500000,60575000,31932000,29870000,23505000,16480000,9160000,6239000,4370000,4920000,3998000,3382000,2900000,3072000,2508000,2408000,2150000,1895000,1992000,2025000,1440000,1440000,1705000,1152000,1092000,1254000,660000,637000,700000,590000,518000,716000,810000,562000,550000,432000,446000,479000,368000,360000,162000,204000,210000,220000,,,,,,,
,"Washington",141460000,143570000,113120000,120329292,87180000,166245000,143205000,153210000,108490172,157290000,111900000,108460000,145530000,97176852,165530000,147540000,123765000,121590000,81264976,138250000,139300000,143500000,139345000,75901854,131350000,164880000,124140000,157425000,84922997,182670000,153770000,134000000,177580000,119640000,98600000,150080000,110610000,124620000,114285000,116850000,128250000,160350000,172570000,138880000,168350000,160220000,118000000,128160000,101305000,144050000,147880000,123550000,89200000,123328000,113210000,92800000,88680000,103473000,113948000,89344000,90828000,83841000,73438000,68265000,55272000,65102000,76807000,69957000,72699000,59826000,55832000,72011000,84150000,80541000,76224000,69692000,60146000,79268000,64750000,77965000,61512000,62673000,51652000,55148000,61142000,44180000,44731000,54118000,49698000,46968000,45194000,37158000,43638000,42868000,41699000,37548000,44199000,47674000,52660000,38035000,34310000,24935000,50479000,27974000,49979000,40070000,41888000,28975000,25528000,34090000,50920000,42738000,42530000,45780000,44350000,31550000,40925000,27870000,40065000,28700000,31432000,29800000,24275000,23827000,33460000,25478000,21216000,21730000,18400000,11550000,10850000,11468000,12812000,9010000,9200000,8400000,6341000,6290000,5752000,4824000,4700000,3390000,3230000,2664000,1976000,1660000,1935000,,,,,,,,,,,,,
,"Idaho",106560000,101015000,89110000,55876347,76534000,111496000,98755000,104410000,55361584,102795000,89370000,93717000,103592000,52310762,117579000,107842000,100669000,99670000,43330746,90315000,100590000,101710000,84660000,40242371,80770000,106650000,104520000,102410000,39115192,119200000,103320000,100280000,110350000,100090000,81660000,99600000,91420000,75520000,85500000,81750000,72030000,81400000,91710000,94770000,89780000,96030000,74140000,75370000,57900000,72850000,63220000,61860000,48395000,44226000,49906000,41582000,44666000,54570000,56440000,38278000,47973000,43163000,37124000,32243000,34132000,34018000,39672000,42353000,44238000,40056000,39731000,37255000,50055000,44698000,41468000,37087000,37138000,35646000,38743000,35024000,32734000,31851000,23370000,21553000,28456000,26755000,23047000,32616000,29265000,23320000,22045000,19921000,16320000,27980000,17900000,29802000,29125000,31333000,30537000,23415000,23516000,13350000,23891000,19634000,24234000,22021000,18319000,21560000,17200000,12642000,15360000,12530000,12068000,12742000,14051000,10144000,10246000,9658000,8280000,8145000,8854000,7822000,6803000,6466000,6636000,5859000,5347000,6375000,4950000,3870000,2400000,3360000,2280000,2550000,2093000,1618000,1498000,1578000,1376000,1365000,1488000,1446000,945000,774000,612000,516000,539000,,,,,,,,,,,,,
,"Oklahoma",106400000,108300000,68600000,38356897,115050000,102000000,110000000,70000000,52236353,136500000,98800000,47600000,105400000,68812878,73600000,119350000,74800000,170200000,43777614,81600000,128000000,164500000,179400000,43344075,122100000,142800000,150500000,198900000,58079700,93100000,109200000,143100000,156600000,168150000,135000000,198400000,153900000,172800000,129600000,150800000,165000000,190800000,150500000,227700000,172800000,195000000,216600000,145800000,175500000,151200000,160800000,134400000,157800000,89700000,72000000,101400000,121800000,124200000,88689000,98700000,132916000,96623000,75411000,71079000,110832000,121290000,90580000,115440000,43025000,69267000,24160000,70770000,70776000,108040000,38902000,42363000,84851000,97092000,103788000,88262000,73875000,85086000,34086000,59792000,48171000,58290000,60306000,61677000,67251000,28272000,33660000,37202000,31549000,47592000,74919000,37382000,51251000,64582000,35070000,73644000,29963000,57102000,42317000,32062000,53300000,55905000,66052000,36800000,34100000,27265000,38500000,45850000,16490000,21500000,9440000,22950000,14028000,16330000,9880000,23936000,17460000,20930000,31920000,19320000,20860000,24480000,20309000,17400000,11700000,2250000,2200000,3750000,,,,,,,,,,,,,,,,,,,,,,,,,,,,
,"Texas",85100000,80600000,77700000,22975964,74000000,60000000,71400000,56000000,37572589,89600000,106500000,67500000,68150000,47897556,47500000,123750000,61250000,99000000,69621923,33600000,96000000,108500000,96600000,27888507,108800000,66000000,122400000,136500000,37020144,75400000,75600000,75400000,118400000,129200000,84000000,130200000,60000000,89600000,100800000,120000000,187200000,150000000,161000000,144000000,183400000,130000000,138000000,54000000,117500000,103400000,131100000,52800000,98600000,44000000,31416000,54408000,68856000,84150000,53216000,72652000,76384000,64900000,45473000,43696000,84870000,78826000,54876000,69402000,33669000,26388000,14326000,32790000,24390000,36132000,17946000,18992000,89838000,59104000,116960000,62916000,48150000,82473000,41206000,53295000,30534000,32517000,29036000,35046000,41690000,18927000,11473000,26299000,14946000,29826000,67983000,38373000,45022000,25844000,21146000,38529000,6253000,21680000,16317000,9944000,20720000,20410000,37432000,7500000,14175000,11500000,23200000,14400000,11890000,12040000,7110000,10360000,2575000,6050000,1800000,9960000,8455000,9523000,14580000,6480000,4840000,22080000,12233000,7800000,7360000,4485000,2720000,5070000,5125000,4940000,4785000,2030000,4294000,4080000,3300000,3518000,4375000,4600000,4125000,4920000,3185000,2920000,2581000,4440000,3135000,2700000,3750000,1672000,1690000,1720000,1116000,940000,808000,390000,490000,750000
,"Minnesota",75900000,80830000,78120000,35452752,55680000,72080000,79800000,92930000,26153541,74828000,88294000,66468000,67152000,29439558,70176000,87835000,83725000,104440000,30416898,80340000,71470000,89605000,105482000,23291764,79655000,96526000,79210000,80444000,31748698,106582000,71849000,71348000,71190000,139860000,67110000,138620000,102504000,51730000,102588000,103666000,142426000,120711000,78960000,126809000,140025000,102556000,90384000,93225000,131894000,130482000,88368000,80862000,78152000,49292000,59596000,23458000,25605000,33953000,33795000,18318000,23091000,22381000,22282000,17929000,24851000,26311000,22252000,25345000,15780000,17218000,12186000,10399000,16171000,16998000,20022000,15512000,19380000,18352000,20633000,27080000,21246000,20090000,17896000,23170000,20104000,31406000,21016000,38017000,35066000,17348000,18716000,13104000,16266000,20558000,17776000,23456000,21406000,21634000,20976000,23589000,29798000,37375000,23864000,27330000,23225000,26120000,36790000,68860000,45750000,24122000,61860000,37200000,59540000,63920000,40688000,54880000,57020000,45850000,44520000,42120000,57275000,51072000,60620000,73800000,77420000,67320000,92438000,106250000,72150000,62775000,76760000,51975000,42735000,53040000,72360000,50700000,52700000,33915000,45875000,58560000,45360000,54880000,41905000,38640000,36340000,44010000,34713000,34875000,39270000,20330000,34340000,30720000,30260000,24820000,15875000,17100000,19040000,16150000,8918000,6525000
,"Colorado",71060000,64400000,70930000,25131316,69560000,40500000,98000000,70504000,60881747,106000000,81485000,89812000,41488000,40254864,77828000,103350000,101410000,61600000,56506407,41515000,54035000,46880000,78160000,19795626,69168000,71370000,107200000,103470000,44670216,75500000,105260000,79734000,96990000,74119000,74000000,86950000,62100000,79540000,97380000,96430000,139302000,115020000,122103000,84984000,87877000,110300000,70224000,59283000,57374000,53440000,56499000,72625000,63860000,51990000,59641000,59678000,42201000,37560000,35858000,44316000,19811000,26074000,22261000,36710000,56789000,66647000,54562000,67205000,36522000,17652000,17712000,18608000,43875000,58162000,37334000,36909000,46164000,57373000,58866000,37776000,34768000,17794000,31616000,27406000,25036000,12354000,12064000,19166000,14990000,10811000,6940000,6192000,5881000,7172000,16613000,22034000,17900000,20797000,22299000,20890000,17122000,17624000,18118000,22587000,25374000,21967000,18300000,21025000,15670000,13152000,15380000,11287000,8363000,10810000,6120000,6188000,7687000,5695000,6825000,7750000,6300000,5220000,5900000,3675000,6510000,5580000,5576000,5280000,5040000,2498000,3126000,2340000,2114000,3325000,3519000,2646000,2845000,2118000,2289000,2240000,2240000,2365000,2268000,1729000,1600000,1190000,1430000,1260000,1334000,874000,784000,576000,460000,423000,360000,332000,275000,,,
,"South Dakota",64140000,78995000,59440000,37858678,43800000,69705000,65410000,72294000,20941055,111281000,103406000,131260000,77558000,54565817,103859000,122635000,129636000,172540000,80083574,84090000,133420000,128610000,118391000,13921896,76766000,114268000,120582000,120884000,37088545,139270000,90736000,95278000,111522000,119590000,96175000,128004000,83080000,38006000,106704000,108660000,111215000,126038000,89729000,98530000,88970000,62425000,60060000,66000000,71964000,39520000,62610000,57020000,60110000,54430000,65466000,39280000,42601000,65600000,73892000,39296000,36863000,38765000,30394000,30588000,33499000,46912000,17922000,55722000,40037000,16537000,27461000,27108000,32717000,32049000,58044000,33488000,32653000,50342000,53628000,53197000,49656000,37278000,30366000,43174000,35358000,26261000,18158000,28227000,15498000,4177000,25540000,732000,4904000,51839000,17610000,42871000,34799000,37895000,47589000,13894000,31918000,35235000,27329000,41330000,26194000,27098000,31473000,58500000,44400000,25000000,60000000,29855000,33000000,52080000,16740000,45175000,46968000,38610000,33465000,42525000,43470000,28050000,48160000,45250000,39400000,26325000,41842000,48125000,28600000,36740000,39600000,20540000,28135000,40800000,43200000,19840000,14673000,16800000,21420000,14605000,13130000,10850000,7650000,4992000,1211000,882000,636000,,,,,,,,,,,,,
,"Illinois",61600000,60200000,67860000,6056647,48190000,35360000,36850000,36960000,4514359,34780000,33800000,44890000,56280000,2967496,46970000,15390000,45920000,73600000,1583738,60970000,36600000,53100000,52650000,990791,43920000,52440000,60600000,57600000,1277757,41800000,68110000,50400000,68200000,62100000,44800000,88800000,105020000,67500000,56050000,36080000,36750000,70400000,64400000,67500000,97500000,76930000,53750000,33440000,67510000,72150000,67470000,51900000,39000000,54000000,46000000,38110000,48374000,51208000,71955000,61008000,56800000,69408000,71400000,51350000,60192000,45733000,43160000,53361000,36477000,60862000,52008000,47760000,59416000,42435000,33383000,27632000,43995000,38497000,28311000,19361000,24817000,24320000,16986000,12818000,34320000,39285000,39804000,40908000,44922000,36400000,30060000,36522000,30746000,25983000,48945000,36891000,30831000,23264000,34091000,43047000,36814000,37968000,61808000,55764000,47180000,45909000,70496000,58050000,35526000,22550000,52725000,47500000,40672000,10375000,47600000,37125000,37800000,40400000,44550000,45338000,35275000,30612000,23250000,39150000,37840000,27625000,19721000,22800000,17325000,33750000,22000000,37800000,20700000,37125000,41400000,21175000,40498000,34425000,41040000,41250000,17425000,42525000,26250000,57375000,37500000,52925000,51182000,44950000,35162000,35400000,32288000,38438000,34062000,29400000,32100000,24750000,30800000,28750000,26738000,24150000
,"Oregon",52540000,50750000,40320000,32593991,31725000,46400000,49640000,51590000,35114054,39937000,39195000,44444000,53904000,33364053,75355000,61348000,51098000,51030000,28865560,43190000,52645000,54150000,53540000,17108009,32650000,53540000,34659000,57490000,29726639,65085000,60920000,58580000,64960000,47800000,43900000,57616000,53835000,51800000,52920000,58405000,56040000,68945000,65570000,63500000,74330000,77400000,57310000,51925000,47620000,60301000,58040000,52745000,35976000,36848000,34500000,26717000,29502000,29434000,32575000,25558000,28399000,27385000,27998000,25264000,20602000,26626000,28608000,28147000,26788000,25607000,21899000,26196000,34298000,32016000,29972000,23693000,22698000,29954000,22232000,25168000,21810000,24200000,20124000,19896000,23725000,16960000,15611000,22760000,20424000,20340000,15503000,12610000,17608000,20060000,17662000,23621000,21530000,23182000,27541000,19222000,18893000,14930000,22320000,17377000,22219000,21795000,19759000,16660000,12820000,17475000,21090000,18000000,16392000,19860000,16995000,13938000,12455000,12067000,13030000,10610000,12195000,11817000,12448000,15555000,16480000,11890000,14492000,15750000,14630000,13490000,13700000,12870000,12635000,11610000,11780000,10030000,9408000,10030000,10980000,8850000,10530000,10925000,9095000,9700000,9652000,9300000,7476000,6752000,7245000,4812000,4845000,5000000,3300000,2565000,2438000,2300000,2340000,,,
,"Ohio",45580000,39525000,53100000,970434,43775000,34790000,21560000,33750000,780450,44800000,32160000,40330000,44800000,214600,48450000,42700000,67450000,73030000,766649,65280000,58930000,55180000,68000000,252624,60300000,79920000,72100000,74240000,239000,51870000,73810000,68440000,52520000,59095000,52920000,76200000,62730000,46000000,49300000,48300000,58900000,48400000,58800000,51600000,70400000,67130000,63360000,42120000,72380000,64000000,70560000,59450000,25600000,46305000,41536000,35150000,38646000,44850000,51476000,46137000,40256000,46272000,55518000,39616000,45167000,49980000,30968000,44516000,31592000,38896000,43384000,46980000,67944000,55100000,34308000,46596000,58825000,57648000,49028000,48522000,57483000,43539000,25129000,34756000,47553000,42262000,38080000,46384000,46116000,40240000,46872000,36467000,37586000,34911000,53825000,29095000,30503000,9984000,28422000,38937000,24025000,34372000,39188000,31602000,26606000,31216000,58135000,47213000,41000000,24300000,40462000,36538000,33750000,10500000,33325000,34000000,30710000,34000000,37400000,46125000,38850000,24700000,36000000,42750000,38775000,15000000,50381000,48450000,45000000,26125000,34450000,50700000,48600000,48800000,52725000,36250000,37680000,26250000,44225000,51850000,27500000,44950000,29500000,54000000,45750000,57000000,46008000,43475000,30400000,21250000,20425000,32800000,26600000,21600000,25500000,22425000,28000000,22500000,24500000,9000000
,"Michigan",44100000,32625000,46480000,2572977,45360000,33750000,34790000,35720000,1810411,50730000,38475000,34780000,44250000,2048030,50625000,34650000,39440000,48280000,1618283,47450000,38940000,40960000,44880000,462075,32640000,36000000,37950000,30780000,9424023,22800000,37200000,30740000,22140000,35280000,24080000,41250000,33920000,26040000,19200000,30600000,45000000,45600000,35770000,22960000,41500000,35200000,31605000,16400000,33000000,33060000,34200000,34000000,19880000,21400000,17820000,18720000,22600000,29520000,40320000,30480000,26466000,38640000,39482000,30063000,39996000,33642000,35584000,41420000,28739000,31290000,27966000,29870000,43935000,36440000,30800000,29666000,34370000,36270000,29800000,22896000,27005000,23222000,11417000,15322000,16286000,18290000,16036000,19488000,18647000,16705000,19108000,12126000,14528000,17484000,18965000,16575000,13760000,12959000,17201000,16598000,13627000,18856000,15917000,15354000,14680000,16140000,20401000,10815000,15834000,13940000,20705000,18200000,13600000,7350000,18360000,17670000,16040000,19065000,16150000,17515000,23100000,8750000,16560000,22600000,18900000,15700000,20608000,37310000,28050000,25110000,21450000,27380000,27840000,31280000,30960000,23635000,27720000,24215000,29760000,31350000,36855000,35730000,28576000,37715000,25350000,35100000,35548000,33115000,25025000,20850000,18090000,19840000,15600000,13260000,18480000,15050000,16350000,18810000,17820000,14280000
,"Nebraska",37835000,47840000,36960000,7217517,41160000,34030000,55290000,49490000,14498759,70740000,45980000,71050000,39900000,15164710,66600000,64070000,77280000,73480000,22138507,61200000,68640000,61050000,83720000,9975446,59200000,59400000,81600000,82800000,10562478,73500000,86100000,71400000,73500000,55500000,67200000,85500000,55350000,72000000,85800000,76000000,89700000,81000000,98900000,101500000,104400000,108300000,86700000,81600000,103250000,94400000,98240000,98600000,93800000,92833000,102228000,91580000,83475000,98240000,86523000,100100000,54540000,70340000,60522000,53820000,78807000,85712000,68204000,113488000,78741000,64698000,78255000,60093000,85980000,98367000,58073000,88482000,58213000,87111000,92757000,90677000,82358000,33762000,61244000,69908000,36155000,34725000,35242000,55570000,47031000,47281000,38512000,17543000,28814000,27838000,56943000,74848000,55403000,67446000,72188000,41290000,32693000,55686000,32168000,57773000,59814000,60480000,58304000,43198000,12188000,66775000,69675000,64075000,59950000,52850000,40018000,45170000,47694000,44768000,45232000,54620000,47367000,34780000,45300000,58265000,49397000,37800000,24882000,40838000,31900000,23100000,24900000,14875000,20612000,30038000,32250000,21300000,22110000,16000000,17000000,15950000,22275000,28050000,27125000,18850000,10850000,12920000,13818000,16250000,13600000,9790000,7505000,7360000,7982000,3420000,1800000,1955000,2240000,1476000,872000,602000
,"Missouri",36800000,36000000,42000000,7395891,31850000,22320000,24570000,30680000,5693579,39900000,32330000,42920000,56145000,4505131,34500000,11960000,33605000,57120000,3637318,49140000,28620000,48360000,53070000,2284062,41040000,49400000,44160000,57500000,1676784,48750000,47970000,50400000,53200000,64800000,48000000,76000000,86950000,75950000,35420000,18810000,49920000,84050000,70300000,74800000,115500000,89010000,70400000,28560000,72150000,60720000,50160000,37990000,25500000,36075000,31000000,28215000,29450000,39600000,51200000,41140000,32615000,47282000,40260000,26352000,41907000,37648000,37950000,40488000,37789000,50630000,48081000,41190000,41028000,27544000,22406000,23782000,29365000,33558000,24438000,18195000,18256000,19674000,12103000,9035000,18036000,32547000,32031000,32487000,43409000,32619000,26795000,24776000,17019000,16143000,31913000,19342000,15250000,19745000,15628000,22528000,23689000,22449000,37371000,37770000,35096000,39845000,65346000,53268000,26214000,17850000,35000000,42075000,40120000,28375000,31672000,26664000,29852000,26565000,34455000,34050000,33250000,30500000,26775000,53138000,39680000,35882000,23027000,24120000,15500000,24375000,24000000,28200000,24360000,31780000,33600000,23438000,30225000,23160000,34000000,28700000,15400000,33750000,26512000,38250000,24700000,30125000,24888000,27985000,21630000,17459000,11160000,15960000,13260000,8840000,14175000,12350000,14586000,10990000,6562000,6000000
,"Kentucky",26730000,29250000,40480000,15723569,30450000,21420000,25080000,19800000,10180473,32000000,32120000,36210000,45750000,9807783,30800000,12870000,20805000,31240000,2132962,22720000,20400000,20520000,21700000,3843609,23760000,23940000,24600000,24750000,3250022,28090000,24380000,25200000,20090000,20350000,10800000,20000000,22500000,20520000,16170000,8910000,10540000,19000000,16120000,23560000,28560000,13825000,11020000,6480000,10138000,10230000,10880000,11340000,5412000,7020000,7200000,5724000,5746000,6030000,7854000,5780000,5376000,5120000,4350000,3406000,4725000,4785000,4116000,3690000,3880000,5486000,4020000,5400000,6776000,4600000,3568000,3720000,4896000,5184000,5184000,4158000,5008000,7583000,3780000,5096000,7125000,5625000,3853000,8280000,10212000,5894000,4430000,5239000,4068000,3328000,6292000,2968000,2530000,1273000,2670000,4408000,2798000,2026000,4278000,4623000,4720000,5282000,10500000,10640000,8160000,6750000,8360000,11220000,9380000,7000000,9490000,9750000,8717000,9240000,10375000,12880000,11270000,7800000,9540000,10980000,16214000,19880000,14310000,19285000,16800000,9860000,12980000,13875000,13750000,13910000,13390000,10100000,11662000,10605000,11990000,13875000,4240000,14490000,9933000,16770000,8960000,10880000,11368000,10305000,9562000,10600000,9270000,8872000,6615000,7980000,3934000,6195000,5775000,4165000,4000000,3088000
,"Indiana",21360000,21360000,30820000,987449,22950000,17500000,16120000,18460000,877272,22680000,17680000,25460000,31755000,686009,25110000,14100000,30150000,39330000,731232,31280000,24480000,27280000,29240000,218000,25080000,35190000,33660000,35750000,400264,27360000,39600000,38430000,34840000,25000000,28800000,50440000,51920000,35000000,34800000,30100000,37100000,48300000,49470000,43260000,59800000,53900000,44415000,28860000,55800000,54000000,61600000,46875000,24605000,39648000,31924000,28144000,34800000,34195000,45769000,44616000,36205000,47362000,53080000,39916000,43860000,40557000,31642000,40992000,32666000,36173000,34394000,40199000,46144000,36960000,23529000,32193000,37884000,38162000,36133000,29369000,34980000,25568000,15274000,14052000,34665000,27934000,26445000,28286000,34046000,31042000,29534000,31891000,23641000,24231000,44802000,28584000,25916000,10129000,29020000,36147000,26344000,28543000,36307000,28944000,25488000,25326000,45122000,51707000,31505000,19688000,49025000,43200000,38388000,11000000,35650000,38250000,33953000,36975000,34875000,57400000,46250000,15400000,31912000,46325000,51750000,8120000,35005000,51300000,35000000,32400000,26512000,47250000,40875000,40600000,49500000,29612000,40600000,28350000,39150000,46000000,31238000,50400000,31250000,54250000,29500000,48675000,47160000,46075000,37462000,22550000,20250000,33000000,23000000,21875000,21000000,18975000,28000000,20800000,17520000,15500000
,"Tennessee",19610000,24000000,31200000,8688695,23430000,13570000,14405000,18525000,6512585,24455000,26860000,31350000,40825000,5740269,20740000,8215000,16250000,33390000,1249476,12160000,8400000,13720000,13500000,2429924,18360000,20900000,19040000,15170000,1459952,16720000,15980000,15000000,13940000,13440000,7680000,17640000,18900000,21500000,14000000,10725000,8000000,21400000,19800000,29880000,37400000,18620000,8500000,6300000,10080000,11100000,8370000,8265000,4464000,7680000,8424000,6545000,5775000,7644000,8820000,4480000,4116000,4720000,3500000,2461000,3848000,3288000,3674000,2726000,3485000,4715000,3417000,4066000,5795000,4009000,3022000,3050000,4000000,4901000,4740000,3626000,4312000,5742000,3576000,4916000,5190000,4860000,4025000,5346000,6750000,4858000,4446000,4264000,3703000,3220000,4930000,2343000,2492000,2883000,2744000,6052000,4308000,3131000,4140000,4094000,4410000,4028000,6370000,6825000,4940000,7600000,7800000,10050000,7920000,6825000,8165000,7590000,6510000,7455000,7885000,12000000,7725000,11155000,9900000,7420000,14962000,16200000,11978000,16100000,13560000,8840000,7560000,7480000,8835000,9310000,9500000,6300000,8788000,8740000,8280000,7820000,2850000,8800000,6050000,10030000,6120000,6200000,7302000,4800000,8025000,7490000,8840000,7965000,4440000,6375000,2920000,5840000,6205000,4128000,3868000,2008000
,"Wisconsin",19000000,18040000,17480000,5629616,18375000,8625000,9600000,14200000,408919,19750000,15540000,16250000,15370000,656349,21775000,14720000,21420000,23012000,247196,18290000,10262000,12852000,12300000,640362,10708000,8730000,7480000,7635000,216500,5940000,8070000,7940000,4660000,2640000,6118000,10085000,9320000,5152000,4164000,8040000,8800000,9640000,5812000,5596000,5518000,4365000,2162000,1560000,3075000,3238000,2820000,2853000,890000,901000,1314000,1110000,1179000,1839000,2160000,1261000,1261000,2058000,2110000,1839000,2062000,1692000,1907000,2108000,1300000,1410000,1372000,1617000,1712000,1929000,1895000,2132000,2604000,2906000,2926000,2340000,1576000,1308000,1296000,1638000,1324000,1599000,1232000,2007000,2043000,1469000,2254000,1475000,1616000,2109000,1532000,2063000,1866000,1800000,2696000,2259000,2074000,2786000,2221000,2924000,3075000,5395000,7385000,9465000,4886000,3184000,3903000,3233000,3337000,3132000,2851000,3165000,2662000,2590000,2640000,4440000,4532000,4590000,5355000,6840000,8075000,6665000,9190000,11470000,7000000,5940000,4800000,8670000,9425000,10125000,11548000,10780000,12000000,10400000,11500000,13125000,13920000,18910000,17820000,19430000,18055000,20900000,25324000,18450000,24500000,14480000,23625000,18900000,26250000,23220000,22750000,22680000,25665000,22625000,17710000,18090000
,"North Carolina",16200000,18810000,28000000,4947145,19320000,21000000,12600000,21090000,4948507,14555000,30210000,44660000,52725000,7550287,40120000,12540000,28175000,44400000,3045597,24780000,24795000,23000000,14760000,3191170,17550000,25000000,28420000,27880000,4167338,25960000,28160000,30380000,23520000,27750000,19200000,22550000,21420000,24000000,18040000,15180000,22040000,26660000,15980000,23400000,21450000,14000000,7560000,5940000,6000000,6960000,8525000,9900000,6300000,6200000,10535000,8514000,8316000,8580000,7409000,4950000,4930000,7336000,5989000,4896000,11368000,7684000,9494000,7191000,6916000,9384000,7074000,7374000,8080000,8568000,9016000,5340000,5520000,5984000,8172000,6307000,5916000,8514000,5812000,8014000,7347000,6645000,5504000,6000000,5817000,5194000,5876000,4910000,4208000,4009000,4654000,2862000,3636000,3790000,3610000,4290000,3402000,3795000,3960000,3424000,3178000,5428000,4968000,4396000,4950000,4770000,5082000,5355000,5050000,3788000,4770000,5082000,3815000,3600000,3840000,4125000,3600000,4880000,3675000,3750000,6400000,6800000,4333000,6630000,5992000,4725000,5840000,3675000,6502000,6000000,5110000,3218000,4672000,3932000,5180000,3218000,2840000,5200000,3800000,4875000,3250000,3420000,3429000,3150000,4340000,3210000,3605000,3152000,2250000,3080000,1890000,2870000,2925000,2250000,2240000,1800000
,"Pennsylvania",13320000,14625000,17480000,601833,15015000,12780000,10220000,9425000,621028,10200000,11375000,9750000,10540000,735878,8670000,7670000,8400000,11840000,812942,8850000,7830000,6615000,7095000,937495,8320000,10335000,10260000,9690000,1376467,9120000,10175000,7920000,7425000,9805000,7700000,10500000,7955000,9010000,7955000,9680000,10080000,8360000,7600000,8208000,8640000,9250000,7285000,7095000,8085000,8250000,10144000,11520000,7392000,8608000,9396000,9075000,10650000,12000000,17280000,14400000,14280000,14848000,14973000,12628000,15720000,15782000,14045000,16920000,14796000,15868000,16578000,19320000,20688000,19012000,18832000,18986000,20884000,18354000,22296000,19912000,20038000,19560000,13329000,15248000,16878000,17675000,18292000,21381000,23353000,19615000,21045000,15499000,16833000,13929000,20447000,21923000,17473000,14524000,17886000,22048000,21563000,18224000,21768000,22917000,21238000,21148000,23448000,21426000,21675000,22230000,20655000,21600000,19800000,20562000,16470000,21525000,21578000,23188000,24750000,24938000,24480000,18900000,23870000,22708000,26565000,19912000,20590000,21750000,26325000,15600000,20872000,23865000,22780000,21440000,23450000,22110000,22304000,22400000,17040000,20880000,15510000,24560000,22800000,24585000,23250000,23600000,19508000,21900000,18900000,19170000,18968000,21075000,19880000,15068000,23360000,17220000,20155000,17420000,16250000,13585000
,"Maryland",12640000,13500000,16575000,1731569,12640000,10950000,12375000,12600000,1332429,16640000,17280000,17500000,17420000,514346,12060000,7800000,10030000,13140000,810518,8375000,9240000,8555000,5365000,728044,11025000,12600000,12000000,10750000,202000,11804000,14400000,12100000,10800000,12760000,9750000,9880000,8600000,9010000,7595000,6815000,6517000,6020000,5371000,5712000,5617000,3686000,3330000,2960000,3564000,4256000,4828000,5624000,4060000,4070000,4536000,3885000,4320000,4000000,5811000,4464000,4216000,4080000,3876000,3348000,3692000,4321000,3875000,4320000,3397000,4730000,4744000,4972000,5268000,5371000,5371000,5162000,6023000,5344000,7161000,6786000,6821000,8584000,4913000,5986000,7245000,6897000,6653000,9140000,8949000,8756000,8480000,7630000,6608000,5306000,9614000,10692000,9108000,8432000,8575000,10780000,9520000,7663000,10725000,9724000,8959000,9826000,9628000,11050000,12488000,11700000,11288000,13725000,8850000,10200000,11495000,11900000,9440000,9686000,13230000,11480000,11970000,9900000,9520000,10354000,12909000,13631000,9637000,8505000,13608000,9922000,11200000,10640000,10080000,10260000,10545000,9555000,8900000,10026000,8726000,9669000,7540000,10642000,9703000,10850000,8343000,8181000,8023000,8338000,8625000,7770000,6375000,6480000,6500000,4800000,6278000,5175000,5980000,5340000,5062000,4290000
,"California",11210000,8334000,8338000,1981852,9580000,7104000,7244000,12190000,7333140,17302000,18595000,18350000,32500000,18892950,48530000,36325000,41300000,48825000,10222313,20935000,28155000,36200000,36510000,9250889,35105000,37000000,37785000,38550000,13654779,51750000,32725000,44365000,42300000,43635000,36160000,48165000,52605000,46275000,43890000,51525000,68860000,61840000,46560000,77175000,105545000,85500000,56450000,42725000,42548000,59720000,61241000,37500000,30880000,23340000,26626000,28550000,15380000,13919000,12180000,7455000,7383000,8905000,8133000,10564000,8737000,8124000,8879000,8450000,6481000,8541000,8883000,9165000,11286000,13713000,9741000,13671000,11581000,10535000,11038000,11761000,10697000,10612000,8436000,9916000,11656000,11745000,12150000,14450000,20570000,19188000,17560000,10560000,14668000,12160000,8091000,11960000,11832000,14965000,12705000,11754000,11156000,5466000,16007000,15094000,8355000,9996000,16848000,9660000,9095000,6720000,10160000,9350000,4560000,7275000,8680000,10285000,6214000,4895000,8385000,13035000,9270000,11440000,16920000,18760000,33165000,27625000,36530000,21150000,29900000,35262000,32062000,23375000,29025000,37700000,37875000,30712000,40997000,42000000,36075000,43200000,32488000,46200000,39200000,40238000,36812000,37188000,28946000,28800000,15960000,23520000,18840000,21840000,27360000,20790000,17875000,20640000,16830000,14850000,12560000,11700000
,"New York",7810000,9000000,9720000,547225,9625000,7260000,4158000,6555000,520282,8510000,6930000,5985000,7820000,550345,5115000,6365000,6500000,8190000,1572104,5795000,5130000,5300000,6360000,415775,6360000,7420000,8125000,7020000,379984,6450000,6875000,6095000,3910000,6160000,5390000,7105000,5850000,4950000,3825000,7595000,8410000,7820000,7360000,5438000,7040000,6000000,6560000,2625000,6825000,6650000,8200000,9030000,5320000,5460000,4440000,5502000,6160000,7296000,9048000,7056000,6845000,7612000,7511000,6405000,8296000,7380000,7620000,9345000,8085000,9610000,10270000,10664000,14248000,12943000,10544000,11344000,10721000,11886000,8988000,5648000,9147000,8716000,4384000,7559000,6646000,8082000,6659000,7523000,8258000,5728000,6441000,4714000,4512000,4086000,5330000,4022000,3872000,4923000,6297000,4486000,5706000,5896000,7351000,8458000,8437000,9387000,9170000,6545000,7630000,7665000,8740000,8100000,6700000,5120000,6240000,7466000,6647000,5862000,5622000,6750000,8580000,4181000,8075000,6552000,7008000,8938000,10435000,11448000,11500000,7840000,9050000,10660000,10325000,12400000,11685000,11378000,11250000,8601000,11050000,11725000,11730000,14245000,9360000,14245000,12870000,15010000,11571000,15200000,14965000,11725000,5360000,11550000,9750000,9240000,13400000,10890000,12025000,10710000,10200000,9975000
,"Arizona",5733000,6322000,3811000,3840324,5310000,4851000,3640000,7898000,5319438,10073000,15356000,9136000,8348000,4714744,7622000,7895000,11825000,15172000,3740225,7580000,8060000,9963000,11912000,4329530,8517000,8775000,8325000,15840000,3583911,16090000,10354000,11186000,7790000,7700000,6750000,9266000,10722000,7730000,8005000,8688000,9804000,12780000,11094000,12407000,21844000,17200000,9540000,9660000,10080000,32325000,18200000,13000000,12580000,11390000,11764000,10350000,4526000,2704000,2450000,920000,1170000,1584000,1188000,1008000,1118000,792000,3948000,3904000,2268000,1740000,1218000,420000,468000,442000,468000,625000,734000,644000,588000,567000,504000,540000,462000,575000,392000,780000,775000,1100000,1148000,1104000,943000,1161000,924000,756000,552000,416000,414000,451000,558000,518000,624000,490000,684000,720000,858000,638000,713000,703000,576000,697000,640000,462000,448000,410000,350000,304000,362000,380000,342000,306000,264000,278000,370000,352000,559000,362000,354000,480000,378000,315000,308000,182000,195000,202000,314000,192000,258000,270000,231000,231000,238000,231000,187000,187000,,,,,,,,,,,,,,,,
,"Utah",4998000,4410000,4611000,1635079,4278000,5194000,6264000,5356000,1851526,7184000,6207000,5882000,5484000,1539698,7120000,6379000,7278000,5756000,1817487,6120000,7099000,5856000,5677000,691327,6034000,6850000,8940000,8834000,1978342,7455000,8585000,7012000,7270000,6456000,5807000,7170000,5950000,6768000,8963000,9750000,8640000,8055000,8027000,9273000,9340000,8942000,7448000,8103000,5665000,6918000,7362000,7982000,6331000,6137000,6245000,6081000,6258000,7284000,8239000,5940000,6734000,5219000,5280000,5432000,4275000,5292000,5564000,5521000,6559000,7512000,6475000,6452000,9180000,7227000,8919000,7840000,9009000,8510000,9058000,7170000,6842000,7100000,5182000,4818000,6829000,5466000,4569000,6926000,5647000,4811000,5381000,3513000,4015000,5417000,4613000,7178000,5304000,5950000,5156000,5152000,5387000,3406000,5039000,4317000,5510000,5296000,4130000,6720000,6360000,6328000,7329000,7050000,5022000,5168000,4950000,3819000,3931000,3740000,3542000,4450000,4094000,4680000,3772000,4160000,3690000,3885000,3402000,5348000,2970000,3666000,3182000,3080000,1860000,2185000,2310000,2048000,1772000,1920000,1660000,1264000,1688000,1628000,1598000,1139000,1235000,1170000,1175000,,,,,,,,,,,,,
,"New Mexico",4650000,1740000,935000,1435657,2880000,3220000,3300000,1575000,2519135,4620000,4750000,2940000,4400000,1109567,1890000,8120000,3000000,4340000,4591031,4080000,10260000,8400000,4480000,1816212,8160000,4200000,10640000,7950000,3331251,4070000,3300000,5520000,6210000,11220000,8000000,8100000,4000000,6960000,10240000,10120000,20520000,11960000,13630000,12750000,11000000,10500000,9020000,6048000,9137000,6825000,11440000,3400000,8526000,4335000,3840000,4968000,3816000,7015000,3948000,4704000,4924000,2774000,3800000,4260000,8004000,4680000,3855000,3806000,2204000,1107000,1770000,771000,745000,859000,1094000,1070000,5618000,3712000,9420000,2895000,2778000,3337000,2801000,5740000,3679000,2078000,3338000,2650000,3085000,984000,1435000,833000,1496000,1934000,9400000,2262000,4942000,2432000,610000,4372000,700000,2452000,1027000,905000,3443000,2826000,2445000,1295000,1108000,1037000,1110000,1139000,854000,998000,672000,394000,496000,512000,720000,752000,770000,350000,722000,663000,838000,756000,604000,858000,817000,629000,777000,648000,629000,627000,646000,574000,550000,594000,594000,478000,528000,495000,448000,351000,468000,400000,704000,,,,,,,,,,,,,
,"Virginia",4620000,5610000,10530000,1433850,8040000,7800000,6510000,9300000,1214734,9275000,13860000,17680000,17980000,2075505,17040000,7650000,12760000,20590000,1919140,10540000,10080000,9900000,7360000,828632,10200000,12915000,13680000,11025000,1871660,14575000,17600000,14000000,13515000,15105000,12250000,12220000,12650000,10400000,9675000,6970000,10545000,12375000,14280000,13300000,17160000,10582000,6300000,4655000,6231000,7680000,8618000,10175000,6475000,8066000,9020000,7656000,7138000,6052000,7175000,4495000,4590000,5423000,3690000,3841000,6765000,6448000,6345000,6162000,4731000,7236000,6630000,7075000,7728000,8234000,7728000,6768000,7400000,8306000,8015000,7992000,7518000,9907000,5681000,7360000,7665000,8168000,7541000,8260000,9720000,7862000,8492000,7926000,7654000,6318000,13398000,9160000,8607000,8816000,8060000,10230000,8080000,8027000,9548000,9308000,8116000,10660000,11694000,12240000,12960000,11684000,11814000,10730000,10064000,8584000,9000000,9600000,8108000,8662000,9075000,10500000,10164000,9605000,9250000,6992000,11651000,11812000,8899000,13376000,11690000,7440000,8208000,8800000,10752000,8568000,9265000,7200000,8667000,8268000,7755000,8544000,4978000,8184000,8835000,8556000,7120000,8464000,7839000,8190000,8944000,8100000,6885000,7505000,6660000,6888000,6888000,6816000,7455000,6800000,6500000,4675000
,"Georgia",4290000,3540000,4675000,1668053,6160000,4675000,2800000,3780000,381101,5060000,6235000,11270000,21600000,1037377,11200000,4080000,10290000,22550000,1306305,5880000,7280000,8550000,10580000,588269,10600000,10800000,9675000,10320000,1057720,15840000,11400000,20400000,13680000,16100000,14025000,20650000,22400000,21500000,14260000,15400000,25575000,31150000,30940000,45210000,46010000,19800000,6125000,3840000,3300000,3565000,3645000,3525000,2970000,2800000,7605000,3478000,2660000,3052000,3250000,1950000,1827000,2236000,1914000,1175000,2538000,2016000,2172000,1608000,1960000,2520000,1600000,2183000,3108000,2652000,1868000,1362000,1625000,2228000,2590000,1690000,2470000,2982000,2024000,2446000,2220000,1837000,1770000,1732000,1445000,1560000,1560000,1436000,1056000,1188000,702000,280000,408000,472000,675000,891000,648000,567000,1290000,1138000,1161000,956000,1128000,1185000,1002000,1258000,1176000,873000,922000,658000,940000,816000,753000,744000,832000,1288000,990000,1500000,1375000,1600000,2520000,3150000,1754000,2280000,1870000,2025000,1680000,2135000,2325000,1995000,2025000,1200000,2040000,1725000,2275000,1598000,2340000,2730000,2125000,3338000,2400000,2182000,3142000,2300000,3680000,2600000,2940000,2340000,1650000,2588000,1380000,2345000,2145000,1732000,2200000,980000
,"Alabama",4260000,4260000,10875000,2977893,9130000,5040000,6120000,7920000,2842251,11900000,14960000,15525000,19665000,2085541,13870000,4400000,8640000,14910000,259771,2565000,2250000,2880000,3075000,244096,3360000,4860000,4320000,3570000,378360,3520000,2880000,4560000,3230000,4180000,2750000,6650000,6600000,8600000,5270000,5720000,12800000,14820000,15180000,23200000,24860000,6630000,3770000,2340000,3080000,2835000,2640000,2233000,1840000,2200000,3480000,2380000,2523000,2775000,2688000,1652000,1348000,1600000,987000,840000,1456000,1200000,1265000,2300000,2340000,1840000,1007000,528000,462000,209000,147000,170000,169000,202000,198000,174000,310000,359000,192000,216000,104000,75000,55000,65000,77000,54000,70000,72000,40000,70000,50000,20000,20000,22000,42000,34000,66000,63000,100000,110000,94000,115000,238000,248000,225000,259000,323000,178000,153000,189000,190000,153000,116000,135000,165000,238000,266000,391000,472000,360000,858000,1206000,632000,648000,416000,332000,312000,364000,350000,276000,264000,184000,318000,310000,396000,504000,500000,750000,780000,1110000,1008000,1125000,1537000,1225000,1890000,1150000,1435000,1238000,930000,1280000,825000,1088000,1085000,825000,945000,625000
,"Arkansas",3990000,4760000,9405000,1958142,8410000,4125000,2600000,5225000,1650075,6210000,13440000,24885000,37820000,6494391,30160000,7290000,16500000,56000000,7326095,18605000,8320000,32860000,28500000,7314658,50440000,59400000,51520000,45900000,5197065,66960000,47000000,40480000,41600000,39100000,20460000,49000000,52800000,56710000,34440000,33415000,18240000,61600000,58500000,72200000,67650000,32870000,14700000,11100000,25740000,24570000,13500000,8745000,6076000,10952000,8096000,8481000,7140000,13550000,18838000,11744000,9256000,13795000,5208000,3080000,4941000,4256000,3468000,2340000,3260000,2736000,1502000,1701000,1634000,684000,356000,252000,348000,476000,360000,392000,410000,685000,187000,242000,315000,341000,368000,561000,1150000,595000,912000,480000,336000,384000,648000,180000,158000,152000,218000,262000,294000,337000,585000,477000,502000,765000,2176000,1840000,1750000,1020000,1278000,980000,910000,602000,660000,850000,522000,595000,652000,909000,910000,1700000,1500000,2565000,2440000,3230000,2464000,2992000,2250000,1505000,1576000,1624000,1512000,1222000,1258000,816000,966000,1350000,1431000,1105000,950000,1680000,1254000,1989000,742000,1183000,1265000,800000,1919000,940000,2244000,1648000,945000,945000,600000,705000,760000,860000,594000,325000
,"South Carolina",3600000,3510000,5510000,1227810,5300000,4845000,2160000,3510000,875661,2150000,7360000,11440000,14310000,2353828,10800000,4320000,7520000,11610000,657738,6150000,8415000,7920000,7215000,908977,9030000,9555000,9460000,7680000,2301455,12150000,8960000,18000000,9880000,12925000,8525000,14440000,17835000,14030000,10450000,7500000,12470000,14440000,10500000,19800000,14350000,6912000,3300000,2145000,2465000,3250000,3510000,3604000,2626000,2720000,4788000,2673000,2870000,2808000,2968000,1653000,1728000,2295000,1890000,1344000,3710000,2898000,3460000,2838000,3510000,4117000,2812000,2831000,3255000,3276000,3075000,1904000,1992000,2940000,3812000,2574000,2828000,3668000,2808000,3450000,3294000,2834000,2434000,1771000,1416000,1472000,1750000,1404000,984000,1206000,845000,380000,520000,567000,612000,644000,374000,578000,672000,516000,576000,638000,638000,756000,568000,512000,560000,357000,437000,325000,504000,442000,310000,273000,390000,608000,460000,780000,715000,725000,1298000,1342000,1009000,944000,740000,916000,871000,792000,1029000,1152000,1080000,716000,1129000,975000,1254000,935000,1210000,1392000,1308000,1725000,870000,724000,958000,756000,1078000,871000,720000,767000,550000,696000,472000,744000,812000,720000,702000,505000
,"Delaware",3526000,3744000,6348000,1204656,2450000,4015000,3600000,3195000,1110681,4355000,4225000,5400000,4992000,303260,5175000,2726000,3843000,6083000,443770,3015000,3570000,2726000,1927000,271396,3477000,4158000,3990000,3723000,223862,4134000,4352000,3780000,3591000,4060000,3551000,3060000,3108000,3276000,2016000,1530000,2064000,2009000,2106000,2320000,1920000,1080000,714000,595000,870000,1120000,1530000,1505000,1155000,1023000,1204000,882000,820000,768000,1176000,700000,660000,672000,588000,542000,644000,775000,702000,686000,638000,961000,908000,875000,994000,1134000,1128000,1020000,1102000,957000,1300000,1178000,1306000,1261000,1008000,1320000,1332000,1273000,1168000,1600000,1328000,1386000,1558000,1448000,1162000,996000,1956000,2048000,2014000,1890000,2020000,2120000,1906000,1727000,1836000,1733000,1300000,1972000,1512000,1320000,1653000,1690000,1635000,2091000,1479000,1820000,1732000,1870000,1643000,1776000,2378000,2082000,1904000,1755000,1375000,2030000,2178000,2160000,1880000,1476000,2300000,1560000,1600000,1887000,1998000,1734000,1683000,1344000,1495000,1518000,1196000,1472000,1215000,1235000,1175000,1584000,1030000,1519000,1179000,1305000,1204000,1088000,910000,952000,804000,585000,871000,670000,904000,696000,744000,649000
,"Mississippi",2700000,1750000,4940000,504317,4130000,960000,987000,1470000,341043,2400000,5760000,12470000,22330000,4967381,19840000,4230000,7500000,31000000,5968216,4307000,3250000,7155000,6125000,1063992,11700000,12925000,8250000,6750000,976441,11270000,6270000,6400000,6930000,10500000,4500000,15600000,15300000,20700000,12600000,6200000,9300000,25080000,20400000,36100000,24000000,9300000,3680000,2015000,3570000,3480000,2928000,3250000,2700000,4960000,3625000,3840000,2349000,8375000,11160000,6018000,4208000,4205000,1302000,780000,1176000,1128000,842000,1904000,3483000,504000,286000,784000,1192000,390000,150000,160000,132000,228000,312000,198000,360000,407000,208000,175000,297000,84000,30000,,,,,,,,,,,13000,35000,24000,37000,34000,39000,38000,45000,54000,63000,62000,39000,36000,32000,13000,14000,20000,22000,14000,,14000,22000,20000,33000,40000,40000,40000,57000,66000,35000,36000,30000,30000,38000,32000,34000,28000,26000,16000,33000,52000,66000,64000,100000,130000,150000,280000,126000,180000,220000,216000,448000,300000,448000,228000,162000,182000,189000,182000,278000,333000,238000,120000
,"Wyoming",2670000,2821000,2700000,934891,3040000,2340000,4730000,3910000,1737016,4250000,4160000,4750000,2880000,1485227,4420000,4160000,4750000,4131000,1137311,3879000,4665000,3750000,4095000,826719,3048000,4312000,6369000,6790000,2310475,6030000,7960000,5020000,6146000,5588000,5920000,6113000,4708000,4680000,7890000,7845000,5528000,8072000,8964000,8985000,8280000,8620000,6354000,7606000,5620000,7955000,8277000,7290000,6485000,8830000,7677000,6092000,4818000,8350000,8444000,4965000,2628000,4820000,4880000,4292000,4908000,5453000,5640000,8180000,6367000,5145000,5200000,2946000,6823000,6602000,6750000,6378000,6885000,6650000,6592000,6832000,4431000,2811000,4662000,4544000,4894000,2568000,2159000,3428000,2324000,1277000,2017000,1050000,2046000,2862000,2032000,3808000,4394000,5063000,4530000,3522000,2392000,1784000,2038000,2250000,2624000,3318000,1479000,3732000,2380000,1947000,2388000,1666000,1648000,1338000,1020000,756000,747000,663000,648000,630000,735000,525000,490000,500000,460000,273000,342000,360000,315000,289000,259000,176000,108000,105000,120000,90000,,,,,,,,,,,,,,,,,,,,,,,,
,"Alaska",,,,2580,,,,,1810,,,,,2591,,,,,,,,,,,,,,,,,,,,,,,,,,,,,,,,,,,,,,,,,,,,,,,,,,,,,,,,,,,,,,,,,,,,,,,,,,,,,,,,,,,,,,,,,,,,,,,,,,,,,,,,,,,,,,,,,,,,,,,,,,,,,,,,,,,,,,,,,,,,,,,,,,
,"Connecticut",,,,3040,,,,,1440,,,,,360,,,,,2300,,,,,3250,,,,,,,,,,,,,,,,,,,,,,,,,,,,,,,,,,,,,,,,,,,,,,,,,,,,,,,,,,,,,,,,,,,,,,,,,,,,,,,,,,,,,,,,,,,,,,,,,,,,,,,,,,,,,,,,,,,17000,17000,15000,33000,32000,40000,35000,36000,35000,34000,36000,30000,32000,36000,36000,34000,34000,36000,35000,31000,35000,35000
,"Florida",,,,70000,,,,360000,54750,450000,645000,390000,1121000,54380,368000,287000,616000,1242000,497844,210000,360000,675000,492000,211973,369000,441000,520000,559000,583322,380000,384000,630000,825000,840000,575000,1815000,1885000,2520000,1450000,2635000,3300000,,,,,,,432000,377000,420000,325000,324000,528000,540000,1620000,1178000,1050000,1118000,960000,644000,575000,864000,1000000,806000,696000,,,,,,,,,,,,,,,,,,,,,,,,,,,,,,,,,,,,,,,,,,,,,,,,,,,,,,,,,,,,,,,,,,,,,,,,,,,,,,,,,,,,,,,,,,,,,,,
,"Iowa",,,,41301,,,,348000,40498,1071000,780000,735000,1092000,61552,720000,460000,990000,1440000,505979,1188000,750000,1320000,1281000,52531,972000,846000,1333000,1408000,932358,1400000,1225000,2115000,625000,1560000,1700000,3375000,3290000,1225000,1140000,1680000,5376000,3600000,1900000,3000000,4875000,3496000,2220000,1395000,4033000,4550000,3400000,1860000,1088000,1238000,1386000,1400000,1474000,1944000,1650000,1485000,840000,2780000,2928000,2185000,3224000,2935000,3317000,5288000,4312000,2592000,3822000,2135000,2791000,3329000,1489000,5454000,7212000,7397000,3607000,4335000,2660000,1912000,2494000,4192000,2341000,7733000,6930000,9284000,14649000,8407000,6318000,3632000,4303000,4350000,7321000,8919000,8000000,8709000,8180000,8222000,6441000,9983000,13689000,16612000,10053000,10684000,20501000,20142000,6360000,7689000,18875000,17380000,18176000,17680000,10920000,10777000,8054000,9226000,8120000,9880000,8548000,6245000,8810000,12600000,16660000,20875000,22005000,25905000,15660000,11310000,14250000,11310000,11610000,16380000,15840000,12250000,13254000,13125000,13920000,18060000,17160000,20020000,21870000,17325000,11880000,28140000,31100000,29260000,35670000,18395000,31800000,39330000,40430000,32125000,26620000,26375000,29770000,26730000,18240000,15470000
,"Louisiana",,,,2715,,,,650000,201827,900000,3588000,9300000,14790000,3300542,15120000,5355000,9520000,21945000,2153983,5565000,4800000,8250000,5740000,688461,8000000,9805000,4935000,3960000,388950,5590000,2880000,2590000,2375000,6120000,3800000,12870000,10850000,11070000,5270000,7350000,7140000,13120000,7500000,19000000,11550000,1876000,728000,540000,1292000,1056000,320000,400000,352000,690000,805000,770000,611000,2112000,2600000,1540000,1050000,1650000,1484000,836000,840000,832000,770000,630000,1260000,665000,340000,,,,,,,,,,,,,,,,,,,,,,,,,,,,,,,,,,,,,,,,,,,,,,,,,,,,,,,,,,,,,,,,,,,,,,,,,,,,,,,,,,,,,,,,,
,"Maine",,,,3960,,,,,280,,,,,2065,,,,,22474,,,,,,,,,,32111,,,,,,,,,,,,,,,,,,,,,,,,,,,,,,,,,,,,,,,,,,,,,,,,,,,21000,19000,22000,50000,42000,36000,42000,38000,51000,57000,119000,170000,150000,168000,88000,44000,42000,46000,57000,54000,88000,150000,92000,100000,88000,147000,190000,252000,399000,144000,102000,100000,72000,72000,60000,63000,74000,73000,94000,100000,96000,112000,105000,132000,154000,144000,136000,122000,148000,116000,154000,76000,84000,70000,72000,74000,60000,78000,166000,288000,346000,374000,425000,490000,528000,594000,560000,669000,594000,522000,462000,465000,465000,330000,432000,300000,294000,285000,209000,204000,195000
,"Massachusetts",,,,435,,,,,101,,,,,130,,,,,,,,,,,,,,,,,,,,,,,,,,,,,,,,,,,,,,,,,,,,,,,,,,,,,,,,,,,,,,,,,,,,,,,,,,,,,,,,,,,,,,,,,,,,,,,,,,,,,,,,,,,,,,,,,,,,,,,,,,,,,,,,,,,,,,,,,,,,,,,,,,
,"Nevada",,,,27580,,,,900000,497,651000,650000,1050000,1305000,323071,1323000,616000,864000,1108000,1279268,1056000,805000,960000,549000,383563,270000,1470000,1375000,1240000,1922456,1650000,850000,670000,800000,800000,660000,980000,1200000,1340000,1680000,1720000,1770000,1840000,1260000,1890000,1850000,1800000,1420000,1310000,1440000,1677000,1820000,1500000,1112000,710000,700000,810000,765000,631000,1140000,873000,934000,875000,775000,634000,354000,457000,756000,754000,640000,451000,224000,332000,468000,478000,532000,471000,541000,590000,582000,491000,437000,437000,430000,402000,437000,464000,395000,522000,484000,361000,336000,306000,336000,465000,319000,330000,362000,428000,432000,390000,401000,320000,432000,555000,401000,530000,466000,676000,693000,667000,602000,560000,503000,494000,500000,420000,397000,399000,434000,450000,448000,576000,450000,336000,416000,396000,462000,450000,364000,378000,270000,260000,186000,144000,180000,115000,90000,90000,102000,80000,102000,120000,96000,112000,68000,100000,76000,,,,,,,,,,,,,
,"New Hampshire",,,,120,,,,,,,,,,760,,,,,,,,,,,,,,,,,,,,,,,,,,,,,,,,,,,,,,,,,,,,,,,,,,,,,,,,,,,,,,,,,,,,,,,,,,,,,,,,,,,,,,,,,,,,,,,,,,,,,,,,,,,,,,,,,15000,19000,16000,38000,39000,36000,30000,32000,33000,30000,35000,29000,42000,60000,62000,72000,105000,108000,120000,144000,166000,176000,187000,170000,182000,182000,180000,198000,210000,192000,192000,154000,150000,148000
,"New Jersey",,,2624000,497557,1072000,1206000,924000,930000,21204,1344000,1000000,1325000,1566000,25892,1519000,980000,1479000,2257000,15284,1320000,1219000,1128000,1092000,28234,1215000,1995000,1848000,2288000,712473,1748000,1824000,1344000,1419000,1400000,1196000,1247000,1365000,1395000,1215000,1290000,1924000,1677000,1520000,1800000,2352000,1849000,1476000,900000,1178000,2100000,2088000,2160000,1368000,1330000,1457000,1110000,1184000,1505000,1950000,1600000,1350000,1346000,998000,1155000,1386000,1485000,1449000,1632000,1386000,1450000,1556000,1682000,2025000,2000000,2106000,1677000,1992000,1763000,1875000,1550000,1323000,1398000,920000,1104000,1210000,1265000,1144000,1342000,1462000,1281000,1334000,1096000,1078000,1071000,1300000,1188000,1107000,1100000,1364000,1365000,1134000,1026000,1080000,1240000,1292000,1088000,1402000,1286000,1458000,1600000,1482000,1422000,1400000,1462000,1452000,1554000,1495000,1513000,1674000,1728000,1650000,1365000,1624000,1856000,2125000,2258000,1915000,2295000,2331000,1456000,1840000,2100000,2108000,1984000,2046000,1798000,1890000,1920000,1484000,2015000,1396000,2102000,2248000,2205000,2015000,2434000,1905000,1956000,2262000,2120000,1860000,2480000,2325000,1694000,2508000,1862000,2392000,1960000,1904000,1755000
,"Rhode Island",,,,,,,,,,,,,,48332,,,,,,,,,,,,,,,,,,,,,,,,,,,,,,,,,,,,,,,,,,,,,,,,,,,,,,,,,,,,,,,,,,,,,,,,,,,,,,,,,,,,,,,,,,,,,,,,,,,,,,,,,,,,,,,,,,,,,,,,,,,,,,,,,,,,,,,,,,,,,,,,,,
,"Vermont",,,,19482,,,,,4300,,,,,93,,,,,13722,,,,,38443,,,,,22370,,,,,,,,,,,,,,,,,,,,,,,,,,,,,,,,,,,,,,,,,,,,,,,,,,,,,,,,,,,,,,,,,,21000,20000,18000,16000,40000,40000,34000,42000,63000,84000,98000,190000,192000,308000,80000,18000,22000,21000,19000,19000,18000,21000,20000,18000,18000,17000,36000,44000,40000,38000,38000,42000,39000,40000,34000,63000,66000,60000,72000,95000,120000,122000,157000,170000,252000,285000,340000,342000,352000,361000,342000,336000,342000,340000,361000,288000,350000,396000,360000,438000,429000,375000,468000,384000,320000,306000
,"West Virginia",,,,86518,,,,138000,67361,244000,240000,448000,364000,65512,354000,270000,250000,480000,336553,366000,300000,260000,287000,303924,464000,549000,399000,456000,423176,495000,624000,550000,473000,539000,450000,552000,516000,414000,495000,396000,344000,400000,378000,315000,324000,380000,340000,297000,310000,352000,352000,396000,279000,385000,420000,518000,462000,496000,740000,527000,576000,513000,442000,384000,598000,729000,575000,702000,567000,888000,920000,1150000,1268000,1176000,1073000,1221000,1292000,1517000,1599000,1424000,1610000,1618000,1053000,1504000,1680000,1770000,1798000,2025000,2480000,2120000,2541000,1856000,1900000,1403000,2489000,2118000,1362000,1364000,1456000,2000000,1472000,1438000,1850000,2174000,2532000,2650000,3874000,3300000,2750000,3000000,3038000,2730000,2530000,2860000,2394000,2645000,2571000,2880000,3048000,3420000,3300000,3450000,3518000,2880000,4290000,4038000,4346000,5135000,5535000,3900000,4095000,4500000,4380000,4198000,3960000,2800000,3640000,3420000,3420000,3850000,2160000,4345000,4200000,4715000,4305000,4772000,4009000,4255000,4025000,3960000,2438000,3480000,2750000,2782000,2600000,2640000,2530000,2048000,1680000,1280000
,"United States",1984537000,1971301000,1803942000,886409181,1646254000,1819673000,1932017000,1885361000,889479018,2308663000,2061939000,2026310000,2134979000,1034657789,1993111000,2163023000,2208918000,2511896000,924704061,1808416000,2103325000,2156790000,2344415000,593516540,1947453000,2228160000,2295560000,2547321000,841158323,2277388000,2182708000,2320981000,2396440000,2466798000,1980139000,2729778000,2036618000,1812201000,2107685000,2090570000,2424115000,2594777000,2419824000,2764967000,2785357000,2380934000,2134060000,1775524000,2045527000,2148780000,2126927000,1781918000,1710787000,1546209000,1618636000,1351558000,1442679000,1556635000,1507598000,1304889000,1315603000,1283371000,1146821000,1091958000,1233055000,1354709000,1117735000,1457435000,955740000,1005397000,937094000,983900000,1173071000,1306440000,988161000,1019344000,1098415000,1294911000,1358911000,1152118000,1107623000,1060111000,843813000,969381000,941970000,814646000,741210000,919913000,873914000,629880000,628227000,526052000,552215000,756307000,941540000,886522000,824183000,914373000,875059000,832213000,668700000,841617000,759482000,846649000,818964000,843277000,952097000,904130000,619790000,634572000,1008637000,897487000,751101000,730011000,618166000,625476000,683927000,642818000,628764000,740509000,706026000,555571000,663115000,686959000,762546000,599315000,655143000,768148000,606202000,522963000,542119000,541873000,505795000,611854000,677543000,449042000,504370000,423867000,490761000,513540000,399931000,571292000,438762000,552207000,405886000,502257000,459234000,449175000,395510000,309116000,313728000,356115000,321931000,271482000,271881000,254429000,289526000,246272000,210878000,169703000